year,country,births_per_woman
1960,Chad,6.25
1961,Chad,6.27
1962,Chad,6.29
1963,Chad,6.3
1964,Chad,6.32
1965,Chad,6.34
1966,Chad,6.36
1967,Chad,6.39
1968,Chad,6.43
1969,Chad,6.48
1970,Chad,6.53
1971,Chad,6.58
1972,Chad,6.85
1973,Chad,6.87
1974,Chad,6.86
1975,Chad,6.88
1976,Chad,6.89
1977,Chad,6.9
1978,Chad,6.89
1979,Chad,6.91
1980,Chad,6.91
1981,Chad,6.94
1982,Chad,6.96
1983,Chad,6.98
1984,Chad,7.01
1985,Chad,7.04
1986,Chad,7.07
1987,Chad,7.11
1988,Chad,7.15
1989,Chad,7.19
1990,Chad,7.22
1991,Chad,7.26
1992,Chad,7.3
1993,Chad,7.34
1994,Chad,7.31
1995,Chad,7.29
1996,Chad,7.29
1997,Chad,7.27
1998,Chad,7.27
1999,Chad,7.26
2000,Chad,7.25
2001,Chad,7.23
2002,Chad,7.2
2003,Chad,7.18
2004,Chad,7.16
2005,Chad,7.13
2006,Chad,7.12
2007,Chad,7.09
2008,Chad,7.06
2009,Chad,7.02
2010,Chad,6.99
2011,Chad,6.95
2012,Chad,6.91
2013,Chad,6.84
2014,Chad,6.78
2015,Chad,6.71
2016,Chad,6.62
2017,Chad,6.54
2018,Chad,6.46
2019,Chad,6.41
2020,Chad,6.35
2021,Chad,6.25
2022,Chad,6.21
2023,Chad,6.12
2024,Chad,6.03
1960,Somalia,7.25
1961,Somalia,7.25
1962,Somalia,7.25
1963,Somalia,7.26
1964,Somalia,7.26
1965,Somalia,7.26
1966,Somalia,7.26
1967,Somalia,7.25
1968,Somalia,7.23
1969,Somalia,7.21
1970,Somalia,7.18
1971,Somalia,7.15
1972,Somalia,7.12
1973,Somalia,7.09
1974,Somalia,7.06
1975,Somalia,7.03
1976,Somalia,7.02
1977,Somalia,7.0
1978,Somalia,7.13
1979,Somalia,7.16
1980,Somalia,7.18
1981,Somalia,7.23
1982,Somalia,7.25
1983,Somalia,7.28
1984,Somalia,7.3
1985,Somalia,7.33
1986,Somalia,7.35
1987,Somalia,7.37
1988,Somalia,7.4
1989,Somalia,7.42
1990,Somalia,7.44
1991,Somalia,7.47
1992,Somalia,7.5
1993,Somalia,7.53
1994,Somalia,7.54
1995,Somalia,7.58
1996,Somalia,7.62
1997,Somalia,7.66
1998,Somalia,7.66
1999,Somalia,7.66
2000,Somalia,7.64
2001,Somalia,7.64
2002,Somalia,7.63
2003,Somalia,7.6
2004,Somalia,7.57
2005,Somalia,7.53
2006,Somalia,7.49
2007,Somalia,7.46
2008,Somalia,7.42
2009,Somalia,7.38
2010,Somalia,7.32
2011,Somalia,7.27
2012,Somalia,7.21
2013,Somalia,7.14
2014,Somalia,7.06
2015,Somalia,6.97
2016,Somalia,6.88
2017,Somalia,6.77
2018,Somalia,6.66
2019,Somalia,6.56
2020,Somalia,6.45
2021,Somalia,6.35
2022,Somalia,6.25
2023,Somalia,6.13
2024,Somalia,6.01
1960,DR Congo,6.11
1961,DR Congo,6.12
1962,DR Congo,6.14
1963,DR Congo,6.16
1964,DR Congo,6.19
1965,DR Congo,6.21
1966,DR Congo,6.24
1967,DR Congo,6.27
1968,DR Congo,6.29
1969,DR Congo,6.3
1970,DR Congo,6.33
1971,DR Congo,6.34
1972,DR Congo,6.37
1973,DR Congo,6.38
1974,DR Congo,6.4
1975,DR Congo,6.42
1976,DR Congo,6.44
1977,DR Congo,6.45
1978,DR Congo,6.46
1979,DR Congo,6.48
1980,DR Congo,6.5
1981,DR Congo,6.52
1982,DR Congo,6.54
1983,DR Congo,6.56
1984,DR Congo,6.59
1985,DR Congo,6.61
1986,DR Congo,6.63
1987,DR Congo,6.65
1988,DR Congo,6.66
1989,DR Congo,6.65
1990,DR Congo,6.65
1991,DR Congo,6.64
1992,DR Congo,6.64
1993,DR Congo,6.64
1994,DR Congo,6.64
1995,DR Congo,6.68
1996,DR Congo,6.67
1997,DR Congo,6.69
1998,DR Congo,6.7
1999,DR Congo,6.69
2000,DR Congo,6.7
2001,DR Congo,6.66
2002,DR Congo,6.61
2003,DR Congo,6.55
2004,DR Congo,6.53
2005,DR Congo,6.53
2006,DR Congo,6.55
2007,DR Congo,6.56
2008,DR Congo,6.58
2009,DR Congo,6.59
2010,DR Congo,6.59
2011,DR Congo,6.58
2012,DR Congo,6.56
2013,DR Congo,6.53
2014,DR Congo,6.48
2015,DR Congo,6.44
2016,DR Congo,6.39
2017,DR Congo,6.35
2018,DR Congo,6.3
2019,DR Congo,6.25
2020,DR Congo,6.21
2021,DR Congo,6.16
2022,DR Congo,6.11
2023,DR Congo,6.05
2024,DR Congo,5.98
1960,Central African Rep.,5.95
1961,Central African Rep.,5.96
1962,Central African Rep.,5.97
1963,Central African Rep.,5.99
1964,Central African Rep.,6.0
1965,Central African Rep.,6.03
1966,Central African Rep.,6.06
1967,Central African Rep.,6.08
1968,Central African Rep.,6.1
1969,Central African Rep.,6.06
1970,Central African Rep.,6.03
1971,Central African Rep.,5.99
1972,Central African Rep.,5.96
1973,Central African Rep.,5.92
1974,Central African Rep.,5.9
1975,Central African Rep.,5.88
1976,Central African Rep.,5.94
1977,Central African Rep.,5.99
1978,Central African Rep.,6.04
1979,Central African Rep.,6.09
1980,Central African Rep.,6.13
1981,Central African Rep.,6.17
1982,Central African Rep.,6.16
1983,Central African Rep.,6.15
1984,Central African Rep.,6.14
1985,Central African Rep.,6.12
1986,Central African Rep.,6.11
1987,Central African Rep.,6.12
1988,Central African Rep.,6.1
1989,Central African Rep.,6.07
1990,Central African Rep.,6.05
1991,Central African Rep.,6.03
1992,Central African Rep.,5.96
1993,Central African Rep.,5.93
1994,Central African Rep.,5.92
1995,Central African Rep.,5.94
1996,Central African Rep.,5.96
1997,Central African Rep.,5.92
1998,Central African Rep.,5.89
1999,Central African Rep.,5.88
2000,Central African Rep.,5.85
2001,Central African Rep.,5.81
2002,Central African Rep.,5.79
2003,Central African Rep.,5.8
2004,Central African Rep.,5.78
2005,Central African Rep.,5.81
2006,Central African Rep.,5.84
2007,Central African Rep.,5.87
2008,Central African Rep.,5.9
2009,Central African Rep.,5.94
2010,Central African Rep.,5.96
2011,Central African Rep.,6.01
2012,Central African Rep.,6.05
2013,Central African Rep.,6.08
2014,Central African Rep.,6.1
2015,Central African Rep.,6.13
2016,Central African Rep.,6.13
2017,Central African Rep.,6.13
2018,Central African Rep.,6.11
2019,Central African Rep.,6.09
2020,Central African Rep.,6.06
2021,Central African Rep.,6.05
2022,Central African Rep.,6.02
2023,Central African Rep.,6.01
2024,Central African Rep.,5.95
1960,Niger,7.53
1961,Niger,7.51
1962,Niger,7.5
1963,Niger,7.49
1964,Niger,7.48
1965,Niger,7.47
1966,Niger,7.48
1967,Niger,7.49
1968,Niger,7.5
1969,Niger,7.51
1970,Niger,7.51
1971,Niger,7.52
1972,Niger,7.52
1973,Niger,7.53
1974,Niger,7.54
1975,Niger,7.54
1976,Niger,7.56
1977,Niger,7.59
1978,Niger,7.66
1979,Niger,7.72
1980,Niger,7.78
1981,Niger,7.82
1982,Niger,7.86
1983,Niger,7.9
1984,Niger,7.92
1985,Niger,7.93
1986,Niger,7.9
1987,Niger,7.87
1988,Niger,7.84
1989,Niger,7.82
1990,Niger,7.81
1991,Niger,7.8
1992,Niger,7.79
1993,Niger,7.79
1994,Niger,7.79
1995,Niger,7.78
1996,Niger,7.78
1997,Niger,7.8
1998,Niger,7.84
1999,Niger,7.84
2000,Niger,7.83
2001,Niger,7.81
2002,Niger,7.8
2003,Niger,7.79
2004,Niger,7.78
2005,Niger,7.77
2006,Niger,7.74
2007,Niger,7.73
2008,Niger,7.7
2009,Niger,7.68
2010,Niger,7.64
2011,Niger,7.59
2012,Niger,7.53
2013,Niger,7.45
2014,Niger,7.34
2015,Niger,7.21
2016,Niger,7.04
2017,Niger,6.87
2018,Niger,6.71
2019,Niger,6.54
2020,Niger,6.37
2021,Niger,6.2
2022,Niger,6.13
2023,Niger,6.06
2024,Niger,5.93
1960,Mali,7.02
1961,Mali,7.03
1962,Mali,7.04
1963,Mali,7.05
1964,Mali,7.05
1965,Mali,7.08
1966,Mali,7.11
1967,Mali,7.14
1968,Mali,7.16
1969,Mali,7.17
1970,Mali,7.18
1971,Mali,7.2
1972,Mali,7.22
1973,Mali,7.22
1974,Mali,7.23
1975,Mali,7.25
1976,Mali,7.27
1977,Mali,7.3
1978,Mali,7.32
1979,Mali,7.35
1980,Mali,7.37
1981,Mali,7.37
1982,Mali,7.32
1983,Mali,7.28
1984,Mali,7.26
1985,Mali,7.26
1986,Mali,7.31
1987,Mali,7.31
1988,Mali,7.32
1989,Mali,7.33
1990,Mali,7.31
1991,Mali,7.28
1992,Mali,7.24
1993,Mali,7.18
1994,Mali,7.12
1995,Mali,7.05
1996,Mali,7.01
1997,Mali,6.97
1998,Mali,6.94
1999,Mali,6.91
2000,Mali,6.89
2001,Mali,6.85
2002,Mali,6.82
2003,Mali,6.78
2004,Mali,6.74
2005,Mali,6.71
2006,Mali,6.68
2007,Mali,6.65
2008,Mali,6.62
2009,Mali,6.59
2010,Mali,6.58
2011,Mali,6.54
2012,Mali,6.52
2013,Mali,6.49
2014,Mali,6.44
2015,Mali,6.38
2016,Mali,6.32
2017,Mali,6.25
2018,Mali,6.12
2019,Mali,5.89
2020,Mali,5.85
2021,Mali,5.78
2022,Mali,5.69
2023,Mali,5.61
2024,Mali,5.51
1960,Angola,6.71
1961,Angola,6.79
1962,Angola,6.87
1963,Angola,6.95
1964,Angola,7.04
1965,Angola,7.12
1966,Angola,7.19
1967,Angola,7.27
1968,Angola,7.33
1969,Angola,7.39
1970,Angola,7.43
1971,Angola,7.47
1972,Angola,7.49
1973,Angola,7.5
1974,Angola,7.5
1975,Angola,7.49
1976,Angola,7.49
1977,Angola,7.47
1978,Angola,7.47
1979,Angola,7.46
1980,Angola,7.46
1981,Angola,7.46
1982,Angola,7.46
1983,Angola,7.46
1984,Angola,7.46
1985,Angola,7.45
1986,Angola,7.43
1987,Angola,7.41
1988,Angola,7.37
1989,Angola,7.33
1990,Angola,7.27
1991,Angola,7.21
1992,Angola,7.14
1993,Angola,7.07
1994,Angola,6.99
1995,Angola,6.92
1996,Angola,6.85
1997,Angola,6.79
1998,Angola,6.73
1999,Angola,6.68
2000,Angola,6.64
2001,Angola,6.6
2002,Angola,6.57
2003,Angola,6.53
2004,Angola,6.5
2005,Angola,6.46
2006,Angola,6.42
2007,Angola,6.37
2008,Angola,6.32
2009,Angola,6.26
2010,Angola,6.19
2011,Angola,6.12
2012,Angola,6.04
2013,Angola,5.95
2014,Angola,5.86
2015,Angola,5.77
2016,Angola,5.69
2017,Angola,5.6
2018,Angola,5.52
2019,Angola,5.44
2020,Angola,5.37
2021,Angola,5.3
2022,Angola,5.21
2023,Angola,5.12
2024,Angola,5.05
1960,Burundi,7.0
1961,Burundi,7.02
1962,Burundi,7.04
1963,Burundi,7.07
1964,Burundi,7.09
1965,Burundi,7.11
1966,Burundi,7.13
1967,Burundi,7.16
1968,Burundi,7.18
1969,Burundi,7.21
1970,Burundi,7.21
1971,Burundi,7.21
1972,Burundi,7.21
1973,Burundi,7.21
1974,Burundi,7.22
1975,Burundi,7.24
1976,Burundi,7.25
1977,Burundi,7.25
1978,Burundi,7.26
1979,Burundi,7.31
1980,Burundi,7.35
1981,Burundi,7.33
1982,Burundi,7.31
1983,Burundi,7.3
1984,Burundi,7.29
1985,Burundi,7.29
1986,Burundi,7.32
1987,Burundi,7.38
1988,Burundi,7.38
1989,Burundi,7.39
1990,Burundi,7.37
1991,Burundi,7.34
1992,Burundi,7.3
1993,Burundi,7.27
1994,Burundi,7.23
1995,Burundi,7.18
1996,Burundi,7.12
1997,Burundi,7.04
1998,Burundi,6.96
1999,Burundi,6.9
2000,Burundi,6.87
2001,Burundi,6.85
2002,Burundi,6.82
2003,Burundi,6.79
2004,Burundi,6.75
2005,Burundi,6.71
2006,Burundi,6.66
2007,Burundi,6.59
2008,Burundi,6.51
2009,Burundi,6.41
2010,Burundi,6.26
2011,Burundi,6.11
2012,Burundi,5.99
2013,Burundi,5.89
2014,Burundi,5.79
2015,Burundi,5.7
2016,Burundi,5.59
2017,Burundi,5.48
2018,Burundi,5.38
2019,Burundi,5.27
2020,Burundi,5.18
2021,Burundi,5.08
2022,Burundi,4.98
2023,Burundi,4.88
2024,Burundi,4.79
1960,Afghanistan,7.28
1961,Afghanistan,7.28
1962,Afghanistan,7.29
1963,Afghanistan,7.3
1964,Afghanistan,7.3
1965,Afghanistan,7.3
1966,Afghanistan,7.32
1967,Afghanistan,7.34
1968,Afghanistan,7.36
1969,Afghanistan,7.39
1970,Afghanistan,7.4
1971,Afghanistan,7.43
1972,Afghanistan,7.45
1973,Afghanistan,7.49
1974,Afghanistan,7.53
1975,Afghanistan,7.54
1976,Afghanistan,7.56
1977,Afghanistan,7.59
1978,Afghanistan,7.6
1979,Afghanistan,7.61
1980,Afghanistan,7.64
1981,Afghanistan,7.62
1982,Afghanistan,7.6
1983,Afghanistan,7.57
1984,Afghanistan,7.55
1985,Afghanistan,7.55
1986,Afghanistan,7.55
1987,Afghanistan,7.55
1988,Afghanistan,7.55
1989,Afghanistan,7.56
1990,Afghanistan,7.58
1991,Afghanistan,7.63
1992,Afghanistan,7.7
1993,Afghanistan,7.76
1994,Afghanistan,7.77
1995,Afghanistan,7.77
1996,Afghanistan,7.76
1997,Afghanistan,7.73
1998,Afghanistan,7.69
1999,Afghanistan,7.64
2000,Afghanistan,7.57
2001,Afghanistan,7.45
2002,Afghanistan,7.32
2003,Afghanistan,7.17
2004,Afghanistan,7.02
2005,Afghanistan,6.86
2006,Afghanistan,6.69
2007,Afghanistan,6.51
2008,Afghanistan,6.39
2009,Afghanistan,6.29
2010,Afghanistan,6.2
2011,Afghanistan,6.09
2012,Afghanistan,5.99
2013,Afghanistan,5.88
2014,Afghanistan,5.77
2015,Afghanistan,5.65
2016,Afghanistan,5.54
2017,Afghanistan,5.43
2018,Afghanistan,5.33
2019,Afghanistan,5.24
2020,Afghanistan,5.14
2021,Afghanistan,5.04
2022,Afghanistan,4.93
2023,Afghanistan,4.84
2024,Afghanistan,4.76
1960,Mozambique,6.31
1961,Mozambique,6.37
1962,Mozambique,6.42
1963,Mozambique,6.47
1964,Mozambique,6.51
1965,Mozambique,6.54
1966,Mozambique,6.58
1967,Mozambique,6.61
1968,Mozambique,6.65
1969,Mozambique,6.67
1970,Mozambique,6.7
1971,Mozambique,6.7
1972,Mozambique,6.7
1973,Mozambique,6.7
1974,Mozambique,6.67
1975,Mozambique,6.66
1976,Mozambique,6.64
1977,Mozambique,6.62
1978,Mozambique,6.59
1979,Mozambique,6.56
1980,Mozambique,6.53
1981,Mozambique,6.48
1982,Mozambique,6.43
1983,Mozambique,6.43
1984,Mozambique,6.44
1985,Mozambique,6.43
1986,Mozambique,6.41
1987,Mozambique,6.39
1988,Mozambique,6.37
1989,Mozambique,6.35
1990,Mozambique,6.32
1991,Mozambique,6.28
1992,Mozambique,6.22
1993,Mozambique,6.15
1994,Mozambique,6.08
1995,Mozambique,6.02
1996,Mozambique,5.97
1997,Mozambique,5.93
1998,Mozambique,5.91
1999,Mozambique,5.88
2000,Mozambique,5.83
2001,Mozambique,5.75
2002,Mozambique,5.67
2003,Mozambique,5.6
2004,Mozambique,5.55
2005,Mozambique,5.5
2006,Mozambique,5.45
2007,Mozambique,5.47
2008,Mozambique,5.6
2009,Mozambique,5.68
2010,Mozambique,5.66
2011,Mozambique,5.6
2012,Mozambique,5.52
2013,Mozambique,5.43
2014,Mozambique,5.3
2015,Mozambique,5.25
2016,Mozambique,5.19
2017,Mozambique,5.13
2018,Mozambique,5.07
2019,Mozambique,5.02
2020,Mozambique,4.96
2021,Mozambique,4.91
2022,Mozambique,4.84
2023,Mozambique,4.76
2024,Mozambique,4.69
1960,Mauritania,6.15
1961,Mauritania,6.2
1962,Mauritania,6.24
1963,Mauritania,6.31
1964,Mauritania,6.37
1965,Mauritania,6.44
1966,Mauritania,6.52
1967,Mauritania,6.57
1968,Mauritania,6.6
1969,Mauritania,6.64
1970,Mauritania,6.68
1971,Mauritania,6.7
1972,Mauritania,6.71
1973,Mauritania,6.72
1974,Mauritania,6.73
1975,Mauritania,6.71
1976,Mauritania,6.73
1977,Mauritania,6.74
1978,Mauritania,6.73
1979,Mauritania,6.7
1980,Mauritania,6.67
1981,Mauritania,6.63
1982,Mauritania,6.59
1983,Mauritania,6.54
1984,Mauritania,6.48
1985,Mauritania,6.42
1986,Mauritania,6.34
1987,Mauritania,6.27
1988,Mauritania,6.21
1989,Mauritania,6.2
1990,Mauritania,6.17
1991,Mauritania,6.16
1992,Mauritania,6.13
1993,Mauritania,6.09
1994,Mauritania,6.06
1995,Mauritania,5.96
1996,Mauritania,5.86
1997,Mauritania,5.74
1998,Mauritania,5.62
1999,Mauritania,5.52
2000,Mauritania,5.46
2001,Mauritania,5.41
2002,Mauritania,5.37
2003,Mauritania,5.36
2004,Mauritania,5.37
2005,Mauritania,5.38
2006,Mauritania,5.4
2007,Mauritania,5.43
2008,Mauritania,5.44
2009,Mauritania,5.41
2010,Mauritania,5.38
2011,Mauritania,5.38
2012,Mauritania,5.35
2013,Mauritania,5.32
2014,Mauritania,5.26
2015,Mauritania,5.21
2016,Mauritania,5.16
2017,Mauritania,5.11
2018,Mauritania,5.04
2019,Mauritania,4.98
2020,Mauritania,4.91
2021,Mauritania,4.85
2022,Mauritania,4.77
2023,Mauritania,4.7
2024,Mauritania,4.62
1960,Tanzania,6.54
1961,Tanzania,6.56
1962,Tanzania,6.61
1963,Tanzania,6.65
1964,Tanzania,6.68
1965,Tanzania,6.73
1966,Tanzania,6.8
1967,Tanzania,6.86
1968,Tanzania,6.9
1969,Tanzania,6.95
1970,Tanzania,7.0
1971,Tanzania,7.04
1972,Tanzania,7.05
1973,Tanzania,7.06
1974,Tanzania,7.12
1975,Tanzania,7.1
1976,Tanzania,7.09
1977,Tanzania,7.07
1978,Tanzania,7.06
1979,Tanzania,7.04
1980,Tanzania,6.99
1981,Tanzania,6.93
1982,Tanzania,6.87
1983,Tanzania,6.8
1984,Tanzania,6.71
1985,Tanzania,6.6
1986,Tanzania,6.49
1987,Tanzania,6.41
1988,Tanzania,6.38
1989,Tanzania,6.3
1990,Tanzania,6.2
1991,Tanzania,6.13
1992,Tanzania,6.08
1993,Tanzania,6.0
1994,Tanzania,5.89
1995,Tanzania,5.82
1996,Tanzania,5.83
1997,Tanzania,5.84
1998,Tanzania,5.81
1999,Tanzania,5.75
2000,Tanzania,5.67
2001,Tanzania,5.62
2002,Tanzania,5.57
2003,Tanzania,5.58
2004,Tanzania,5.6
2005,Tanzania,5.58
2006,Tanzania,5.51
2007,Tanzania,5.4
2008,Tanzania,5.32
2009,Tanzania,5.26
2010,Tanzania,5.22
2011,Tanzania,5.14
2012,Tanzania,5.14
2013,Tanzania,5.16
2014,Tanzania,5.12
2015,Tanzania,5.03
2016,Tanzania,5.01
2017,Tanzania,4.99
2018,Tanzania,4.93
2019,Tanzania,4.87
2020,Tanzania,4.8
2021,Tanzania,4.73
2022,Tanzania,4.67
2023,Tanzania,4.61
2024,Tanzania,4.54
1960,Yemen,7.99
1961,Yemen,8.0
1962,Yemen,8.01
1963,Yemen,8.03
1964,Yemen,8.07
1965,Yemen,8.1
1966,Yemen,8.14
1967,Yemen,8.17
1968,Yemen,8.19
1969,Yemen,8.22
1970,Yemen,8.23
1971,Yemen,8.26
1972,Yemen,8.27
1973,Yemen,8.29
1974,Yemen,8.33
1975,Yemen,8.37
1976,Yemen,8.42
1977,Yemen,8.47
1978,Yemen,8.5
1979,Yemen,8.67
1980,Yemen,8.71
1981,Yemen,8.75
1982,Yemen,8.79
1983,Yemen,8.83
1984,Yemen,8.85
1985,Yemen,8.86
1986,Yemen,8.86
1987,Yemen,8.83
1988,Yemen,8.79
1989,Yemen,8.71
1990,Yemen,8.61
1991,Yemen,8.46
1992,Yemen,8.27
1993,Yemen,8.05
1994,Yemen,7.79
1995,Yemen,7.53
1996,Yemen,7.0
1997,Yemen,6.82
1998,Yemen,6.64
1999,Yemen,6.49
2000,Yemen,6.32
2001,Yemen,6.14
2002,Yemen,5.97
2003,Yemen,5.84
2004,Yemen,5.71
2005,Yemen,5.56
2006,Yemen,5.41
2007,Yemen,5.26
2008,Yemen,5.11
2009,Yemen,5.0
2010,Yemen,4.81
2011,Yemen,4.63
2012,Yemen,4.63
2013,Yemen,4.62
2014,Yemen,4.62
2015,Yemen,4.62
2016,Yemen,4.61
2017,Yemen,4.61
2018,Yemen,4.61
2019,Yemen,4.6
2020,Yemen,4.6
2021,Yemen,4.6
2022,Yemen,4.59
2023,Yemen,4.59
2024,Yemen,4.5
1960,Benin,6.28
1961,Benin,6.4
1962,Benin,6.46
1963,Benin,6.51
1964,Benin,6.57
1965,Benin,6.61
1966,Benin,6.62
1967,Benin,6.64
1968,Benin,6.67
1969,Benin,6.71
1970,Benin,6.74
1971,Benin,6.77
1972,Benin,6.8
1973,Benin,6.81
1974,Benin,6.82
1975,Benin,6.83
1976,Benin,6.83
1977,Benin,6.83
1978,Benin,6.82
1979,Benin,6.91
1980,Benin,6.99
1981,Benin,7.06
1982,Benin,7.05
1983,Benin,7.04
1984,Benin,7.03
1985,Benin,7.0
1986,Benin,6.96
1987,Benin,6.92
1988,Benin,6.87
1989,Benin,6.82
1990,Benin,6.74
1991,Benin,6.67
1992,Benin,6.59
1993,Benin,6.51
1994,Benin,6.42
1995,Benin,6.33
1996,Benin,6.28
1997,Benin,6.23
1998,Benin,6.14
1999,Benin,6.03
2000,Benin,5.94
2001,Benin,5.85
2002,Benin,5.79
2003,Benin,5.76
2004,Benin,5.72
2005,Benin,5.69
2006,Benin,5.67
2007,Benin,5.63
2008,Benin,5.55
2009,Benin,5.49
2010,Benin,5.45
2011,Benin,5.44
2012,Benin,5.43
2013,Benin,5.41
2014,Benin,5.37
2015,Benin,5.32
2016,Benin,5.25
2017,Benin,5.16
2018,Benin,5.03
2019,Benin,4.9
2020,Benin,4.79
2021,Benin,4.71
2022,Benin,4.63
2023,Benin,4.56
2024,Benin,4.48
1960,Nigeria,6.36
1961,Nigeria,6.35
1962,Nigeria,6.36
1963,Nigeria,6.35
1964,Nigeria,6.36
1965,Nigeria,6.37
1966,Nigeria,6.39
1967,Nigeria,6.4
1968,Nigeria,6.42
1969,Nigeria,6.44
1970,Nigeria,6.47
1971,Nigeria,6.53
1972,Nigeria,6.58
1973,Nigeria,6.63
1974,Nigeria,6.7
1975,Nigeria,6.77
1976,Nigeria,6.81
1977,Nigeria,6.86
1978,Nigeria,6.92
1979,Nigeria,6.89
1980,Nigeria,6.85
1981,Nigeria,6.82
1982,Nigeria,6.8
1983,Nigeria,6.78
1984,Nigeria,6.7
1985,Nigeria,6.62
1986,Nigeria,6.56
1987,Nigeria,6.5
1988,Nigeria,6.5
1989,Nigeria,6.49
1990,Nigeria,6.46
1991,Nigeria,6.43
1992,Nigeria,6.39
1993,Nigeria,6.35
1994,Nigeria,6.32
1995,Nigeria,6.27
1996,Nigeria,6.22
1997,Nigeria,6.14
1998,Nigeria,6.07
1999,Nigeria,6.08
2000,Nigeria,6.12
2001,Nigeria,6.13
2002,Nigeria,6.12
2003,Nigeria,6.1
2004,Nigeria,6.09
2005,Nigeria,6.06
2006,Nigeria,6.05
2007,Nigeria,6.03
2008,Nigeria,6.02
2009,Nigeria,5.99
2010,Nigeria,5.95
2011,Nigeria,5.89
2012,Nigeria,5.8
2013,Nigeria,5.69
2014,Nigeria,5.62
2015,Nigeria,5.5
2016,Nigeria,5.34
2017,Nigeria,5.18
2018,Nigeria,5.02
2019,Nigeria,4.86
2020,Nigeria,4.7
2021,Nigeria,4.64
2022,Nigeria,4.55
2023,Nigeria,4.48
2024,Nigeria,4.38
1960,Cameroon,5.72
1961,Cameroon,5.73
1962,Cameroon,5.73
1963,Cameroon,5.73
1964,Cameroon,5.74
1965,Cameroon,5.8
1966,Cameroon,5.85
1967,Cameroon,5.95
1968,Cameroon,6.04
1969,Cameroon,6.14
1970,Cameroon,6.2
1971,Cameroon,6.26
1972,Cameroon,6.29
1973,Cameroon,6.33
1974,Cameroon,6.36
1975,Cameroon,6.4
1976,Cameroon,6.45
1977,Cameroon,6.51
1978,Cameroon,6.54
1979,Cameroon,6.58
1980,Cameroon,6.61
1981,Cameroon,6.61
1982,Cameroon,6.59
1983,Cameroon,6.58
1984,Cameroon,6.56
1985,Cameroon,6.56
1986,Cameroon,6.57
1987,Cameroon,6.54
1988,Cameroon,6.48
1989,Cameroon,6.41
1990,Cameroon,6.36
1991,Cameroon,6.32
1992,Cameroon,6.26
1993,Cameroon,6.16
1994,Cameroon,6.04
1995,Cameroon,5.92
1996,Cameroon,5.79
1997,Cameroon,5.71
1998,Cameroon,5.66
1999,Cameroon,5.6
2000,Cameroon,5.51
2001,Cameroon,5.44
2002,Cameroon,5.43
2003,Cameroon,5.43
2004,Cameroon,5.44
2005,Cameroon,5.42
2006,Cameroon,5.37
2007,Cameroon,5.34
2008,Cameroon,5.29
2009,Cameroon,5.24
2010,Cameroon,5.15
2011,Cameroon,5.05
2012,Cameroon,4.98
2013,Cameroon,4.91
2014,Cameroon,4.84
2015,Cameroon,4.84
2016,Cameroon,4.84
2017,Cameroon,4.8
2018,Cameroon,4.74
2019,Cameroon,4.65
2020,Cameroon,4.56
2021,Cameroon,4.47
2022,Cameroon,4.4
2023,Cameroon,4.32
2024,Cameroon,4.26
1960,Sudan,6.66
1961,Sudan,6.66
1962,Sudan,6.7
1963,Sudan,6.76
1964,Sudan,6.8
1965,Sudan,6.84
1966,Sudan,6.88
1967,Sudan,6.91
1968,Sudan,6.95
1969,Sudan,6.97
1970,Sudan,6.99
1971,Sudan,7.02
1972,Sudan,6.98
1973,Sudan,6.94
1974,Sudan,6.91
1975,Sudan,6.87
1976,Sudan,6.82
1977,Sudan,6.78
1978,Sudan,6.72
1979,Sudan,6.65
1980,Sudan,6.59
1981,Sudan,6.53
1982,Sudan,6.47
1983,Sudan,6.41
1984,Sudan,6.34
1985,Sudan,6.28
1986,Sudan,6.22
1987,Sudan,6.17
1988,Sudan,6.13
1989,Sudan,6.11
1990,Sudan,6.07
1991,Sudan,6.05
1992,Sudan,6.02
1993,Sudan,5.97
1994,Sudan,5.91
1995,Sudan,5.86
1996,Sudan,5.79
1997,Sudan,5.72
1998,Sudan,5.65
1999,Sudan,5.62
2000,Sudan,5.6
2001,Sudan,5.56
2002,Sudan,5.53
2003,Sudan,5.49
2004,Sudan,5.46
2005,Sudan,5.4
2006,Sudan,5.33
2007,Sudan,5.27
2008,Sudan,5.21
2009,Sudan,5.17
2010,Sudan,5.14
2011,Sudan,5.09
2012,Sudan,5.03
2013,Sudan,4.96
2014,Sudan,4.91
2015,Sudan,4.9
2016,Sudan,4.83
2017,Sudan,4.76
2018,Sudan,4.68
2019,Sudan,4.62
2020,Sudan,4.54
2021,Sudan,4.46
2022,Sudan,4.38
2023,Sudan,4.32
2024,Sudan,4.26
1960,Ivory Coast,7.69
1961,Ivory Coast,7.72
1962,Ivory Coast,7.75
1963,Ivory Coast,7.78
1964,Ivory Coast,7.81
1965,Ivory Coast,7.84
1966,Ivory Coast,7.87
1967,Ivory Coast,7.89
1968,Ivory Coast,7.91
1969,Ivory Coast,7.93
1970,Ivory Coast,7.94
1971,Ivory Coast,7.94
1972,Ivory Coast,7.94
1973,Ivory Coast,7.94
1974,Ivory Coast,7.93
1975,Ivory Coast,7.91
1976,Ivory Coast,7.88
1977,Ivory Coast,7.83
1978,Ivory Coast,7.67
1979,Ivory Coast,7.62
1980,Ivory Coast,7.59
1981,Ivory Coast,7.54
1982,Ivory Coast,7.49
1983,Ivory Coast,7.42
1984,Ivory Coast,7.35
1985,Ivory Coast,7.27
1986,Ivory Coast,7.19
1987,Ivory Coast,7.09
1988,Ivory Coast,6.97
1989,Ivory Coast,6.85
1990,Ivory Coast,6.72
1991,Ivory Coast,6.58
1992,Ivory Coast,6.43
1993,Ivory Coast,6.27
1994,Ivory Coast,6.13
1995,Ivory Coast,6.04
1996,Ivory Coast,5.95
1997,Ivory Coast,5.9
1998,Ivory Coast,5.85
1999,Ivory Coast,5.8
2000,Ivory Coast,5.77
2001,Ivory Coast,5.7
2002,Ivory Coast,5.64
2003,Ivory Coast,5.57
2004,Ivory Coast,5.53
2005,Ivory Coast,5.5
2006,Ivory Coast,5.45
2007,Ivory Coast,5.4
2008,Ivory Coast,5.36
2009,Ivory Coast,5.33
2010,Ivory Coast,5.29
2011,Ivory Coast,5.24
2012,Ivory Coast,5.19
2013,Ivory Coast,5.13
2014,Ivory Coast,5.07
2015,Ivory Coast,4.97
2016,Ivory Coast,4.87
2017,Ivory Coast,4.76
2018,Ivory Coast,4.6
2019,Ivory Coast,4.52
2020,Ivory Coast,4.46
2021,Ivory Coast,4.41
2022,Ivory Coast,4.35
2023,Ivory Coast,4.28
2024,Ivory Coast,4.23
1960,Uganda,6.91
1961,Uganda,6.93
1962,Uganda,6.96
1963,Uganda,6.98
1964,Uganda,7.01
1965,Uganda,7.04
1966,Uganda,7.07
1967,Uganda,7.1
1968,Uganda,7.13
1969,Uganda,7.12
1970,Uganda,7.15
1971,Uganda,7.18
1972,Uganda,7.18
1973,Uganda,7.19
1974,Uganda,7.19
1975,Uganda,7.2
1976,Uganda,7.19
1977,Uganda,7.18
1978,Uganda,7.16
1979,Uganda,7.14
1980,Uganda,7.11
1981,Uganda,7.12
1982,Uganda,7.11
1983,Uganda,7.07
1984,Uganda,7.02
1985,Uganda,7.04
1986,Uganda,7.08
1987,Uganda,7.12
1988,Uganda,7.1
1989,Uganda,7.04
1990,Uganda,7.01
1991,Uganda,6.94
1992,Uganda,6.91
1993,Uganda,6.89
1994,Uganda,6.9
1995,Uganda,6.87
1996,Uganda,6.83
1997,Uganda,6.86
1998,Uganda,6.84
1999,Uganda,6.83
2000,Uganda,6.79
2001,Uganda,6.76
2002,Uganda,6.74
2003,Uganda,6.67
2004,Uganda,6.61
2005,Uganda,6.53
2006,Uganda,6.43
2007,Uganda,6.33
2008,Uganda,6.2
2009,Uganda,6.12
2010,Uganda,6.02
2011,Uganda,5.88
2012,Uganda,5.73
2013,Uganda,5.56
2014,Uganda,5.41
2015,Uganda,5.25
2016,Uganda,5.11
2017,Uganda,4.99
2018,Uganda,4.87
2019,Uganda,4.74
2020,Uganda,4.62
2021,Uganda,4.51
2022,Uganda,4.39
2023,Uganda,4.28
2024,Uganda,4.17
1960,Guinea,6.11
1961,Guinea,6.13
1962,Guinea,6.14
1963,Guinea,6.15
1964,Guinea,6.17
1965,Guinea,6.18
1966,Guinea,6.19
1967,Guinea,6.2
1968,Guinea,6.21
1969,Guinea,6.23
1970,Guinea,6.24
1971,Guinea,6.26
1972,Guinea,6.28
1973,Guinea,6.31
1974,Guinea,6.34
1975,Guinea,6.37
1976,Guinea,6.4
1977,Guinea,6.43
1978,Guinea,6.44
1979,Guinea,6.45
1980,Guinea,6.46
1981,Guinea,6.46
1982,Guinea,6.49
1983,Guinea,6.49
1984,Guinea,6.51
1985,Guinea,6.53
1986,Guinea,6.55
1987,Guinea,6.57
1988,Guinea,6.56
1989,Guinea,6.55
1990,Guinea,6.51
1991,Guinea,6.48
1992,Guinea,6.45
1993,Guinea,6.41
1994,Guinea,6.36
1995,Guinea,6.29
1996,Guinea,6.21
1997,Guinea,6.12
1998,Guinea,6.05
1999,Guinea,5.99
2000,Guinea,5.92
2001,Guinea,5.83
2002,Guinea,5.78
2003,Guinea,5.74
2004,Guinea,5.73
2005,Guinea,5.73
2006,Guinea,5.7
2007,Guinea,5.66
2008,Guinea,5.6
2009,Guinea,5.53
2010,Guinea,5.43
2011,Guinea,5.34
2012,Guinea,5.23
2013,Guinea,5.15
2014,Guinea,5.07
2015,Guinea,5.0
2016,Guinea,4.92
2017,Guinea,4.79
2018,Guinea,4.67
2019,Guinea,4.58
2020,Guinea,4.49
2021,Guinea,4.4
2022,Guinea,4.3
2023,Guinea,4.22
2024,Guinea,4.13
1960,Equatorial Guinea,5.65
1961,Equatorial Guinea,5.66
1962,Equatorial Guinea,5.67
1963,Equatorial Guinea,5.69
1964,Equatorial Guinea,5.71
1965,Equatorial Guinea,5.73
1966,Equatorial Guinea,5.76
1967,Equatorial Guinea,5.78
1968,Equatorial Guinea,5.79
1969,Equatorial Guinea,5.8
1970,Equatorial Guinea,5.81
1971,Equatorial Guinea,5.81
1972,Equatorial Guinea,5.8
1973,Equatorial Guinea,5.8
1974,Equatorial Guinea,5.79
1975,Equatorial Guinea,5.79
1976,Equatorial Guinea,5.79
1977,Equatorial Guinea,5.79
1978,Equatorial Guinea,5.8
1979,Equatorial Guinea,5.82
1980,Equatorial Guinea,5.83
1981,Equatorial Guinea,5.86
1982,Equatorial Guinea,5.88
1983,Equatorial Guinea,5.9
1984,Equatorial Guinea,5.93
1985,Equatorial Guinea,5.95
1986,Equatorial Guinea,5.96
1987,Equatorial Guinea,5.97
1988,Equatorial Guinea,5.98
1989,Equatorial Guinea,5.99
1990,Equatorial Guinea,5.99
1991,Equatorial Guinea,5.99
1992,Equatorial Guinea,5.98
1993,Equatorial Guinea,5.98
1994,Equatorial Guinea,5.98
1995,Equatorial Guinea,5.97
1996,Equatorial Guinea,5.96
1997,Equatorial Guinea,5.94
1998,Equatorial Guinea,5.91
1999,Equatorial Guinea,5.88
2000,Equatorial Guinea,5.83
2001,Equatorial Guinea,5.79
2002,Equatorial Guinea,5.73
2003,Equatorial Guinea,5.67
2004,Equatorial Guinea,5.62
2005,Equatorial Guinea,5.56
2006,Equatorial Guinea,5.5
2007,Equatorial Guinea,5.43
2008,Equatorial Guinea,5.36
2009,Equatorial Guinea,5.29
2010,Equatorial Guinea,5.21
2011,Equatorial Guinea,5.13
2012,Equatorial Guinea,5.04
2013,Equatorial Guinea,4.95
2014,Equatorial Guinea,4.86
2015,Equatorial Guinea,4.77
2016,Equatorial Guinea,4.69
2017,Equatorial Guinea,4.6
2018,Equatorial Guinea,4.51
2019,Equatorial Guinea,4.43
2020,Equatorial Guinea,4.35
2021,Equatorial Guinea,4.27
2022,Equatorial Guinea,4.17
2023,Equatorial Guinea,4.08
2024,Equatorial Guinea,4.12
1960,Togo,6.8
1961,Togo,6.82
1962,Togo,6.86
1963,Togo,6.89
1964,Togo,6.92
1965,Togo,6.94
1966,Togo,6.96
1967,Togo,6.96
1968,Togo,6.97
1969,Togo,7.01
1970,Togo,7.03
1971,Togo,7.06
1972,Togo,7.07
1973,Togo,7.08
1974,Togo,7.09
1975,Togo,7.09
1976,Togo,7.06
1977,Togo,7.03
1978,Togo,6.98
1979,Togo,6.94
1980,Togo,6.88
1981,Togo,6.81
1982,Togo,6.72
1983,Togo,6.63
1984,Togo,6.54
1985,Togo,6.46
1986,Togo,6.38
1987,Togo,6.3
1988,Togo,6.23
1989,Togo,6.15
1990,Togo,6.07
1991,Togo,5.99
1992,Togo,5.89
1993,Togo,5.78
1994,Togo,5.67
1995,Togo,5.56
1996,Togo,5.46
1997,Togo,5.36
1998,Togo,5.29
1999,Togo,5.23
2000,Togo,5.17
2001,Togo,5.13
2002,Togo,5.09
2003,Togo,5.05
2004,Togo,4.99
2005,Togo,5.04
2006,Togo,5.08
2007,Togo,5.1
2008,Togo,5.1
2009,Togo,5.1
2010,Togo,5.09
2011,Togo,4.98
2012,Togo,4.85
2013,Togo,4.75
2014,Togo,4.7
2015,Togo,4.66
2016,Togo,4.63
2017,Togo,4.58
2018,Togo,4.51
2019,Togo,4.45
2020,Togo,4.39
2021,Togo,4.32
2022,Togo,4.25
2023,Togo,4.19
2024,Togo,4.12
1960,Burkina Faso,6.25
1961,Burkina Faso,6.29
1962,Burkina Faso,6.32
1963,Burkina Faso,6.36
1964,Burkina Faso,6.42
1965,Burkina Faso,6.47
1966,Burkina Faso,6.53
1967,Burkina Faso,6.58
1968,Burkina Faso,6.64
1969,Burkina Faso,6.66
1970,Burkina Faso,6.68
1971,Burkina Faso,6.7
1972,Burkina Faso,6.72
1973,Burkina Faso,6.77
1974,Burkina Faso,6.84
1975,Burkina Faso,6.91
1976,Burkina Faso,6.95
1977,Burkina Faso,7.05
1978,Burkina Faso,7.15
1979,Burkina Faso,7.19
1980,Burkina Faso,7.22
1981,Burkina Faso,7.26
1982,Burkina Faso,7.25
1983,Burkina Faso,7.25
1984,Burkina Faso,7.25
1985,Burkina Faso,7.24
1986,Burkina Faso,7.22
1987,Burkina Faso,7.17
1988,Burkina Faso,7.11
1989,Burkina Faso,7.05
1990,Burkina Faso,7.01
1991,Burkina Faso,6.97
1992,Burkina Faso,6.94
1993,Burkina Faso,6.89
1994,Burkina Faso,6.84
1995,Burkina Faso,6.81
1996,Burkina Faso,6.78
1997,Burkina Faso,6.72
1998,Burkina Faso,6.66
1999,Burkina Faso,6.59
2000,Burkina Faso,6.52
2001,Burkina Faso,6.43
2002,Burkina Faso,6.34
2003,Burkina Faso,6.28
2004,Burkina Faso,6.22
2005,Burkina Faso,6.18
2006,Burkina Faso,6.17
2007,Burkina Faso,6.11
2008,Burkina Faso,6.05
2009,Burkina Faso,5.99
2010,Burkina Faso,5.94
2011,Burkina Faso,5.87
2012,Burkina Faso,5.79
2013,Burkina Faso,5.7
2014,Burkina Faso,5.59
2015,Burkina Faso,5.48
2016,Burkina Faso,5.33
2017,Burkina Faso,5.17
2018,Burkina Faso,4.92
2019,Burkina Faso,4.68
2020,Burkina Faso,4.44
2021,Burkina Faso,4.36
2022,Burkina Faso,4.28
2023,Burkina Faso,4.19
2024,Burkina Faso,4.11
1960,Congo,6.08
1961,Congo,6.09
1962,Congo,6.1
1963,Congo,6.15
1964,Congo,6.18
1965,Congo,6.23
1966,Congo,6.27
1967,Congo,6.29
1968,Congo,6.33
1969,Congo,6.35
1970,Congo,6.38
1971,Congo,6.42
1972,Congo,6.44
1973,Congo,6.42
1974,Congo,6.39
1975,Congo,6.36
1976,Congo,6.32
1977,Congo,6.27
1978,Congo,6.21
1979,Congo,6.14
1980,Congo,6.07
1981,Congo,5.98
1982,Congo,5.85
1983,Congo,5.76
1984,Congo,5.66
1985,Congo,5.59
1986,Congo,5.51
1987,Congo,5.46
1988,Congo,5.39
1989,Congo,5.33
1990,Congo,5.27
1991,Congo,5.22
1992,Congo,5.18
1993,Congo,5.13
1994,Congo,5.1
1995,Congo,5.07
1996,Congo,5.03
1997,Congo,5.0
1998,Congo,4.91
1999,Congo,4.8
2000,Congo,4.72
2001,Congo,4.67
2002,Congo,4.7
2003,Congo,4.7
2004,Congo,4.69
2005,Congo,4.67
2006,Congo,4.65
2007,Congo,4.65
2008,Congo,4.73
2009,Congo,4.81
2010,Congo,4.85
2011,Congo,4.83
2012,Congo,4.79
2013,Congo,4.73
2014,Congo,4.67
2015,Congo,4.61
2016,Congo,4.55
2017,Congo,4.5
2018,Congo,4.44
2019,Congo,4.38
2020,Congo,4.33
2021,Congo,4.28
2022,Congo,4.21
2023,Congo,4.16
2024,Congo,4.11
1960,Zambia,6.95
1961,Zambia,6.98
1962,Zambia,7.01
1963,Zambia,7.06
1964,Zambia,7.08
1965,Zambia,7.12
1966,Zambia,7.14
1967,Zambia,7.15
1968,Zambia,7.18
1969,Zambia,7.18
1970,Zambia,7.22
1971,Zambia,7.26
1972,Zambia,7.3
1973,Zambia,7.34
1974,Zambia,7.36
1975,Zambia,7.42
1976,Zambia,7.39
1977,Zambia,7.35
1978,Zambia,7.29
1979,Zambia,7.22
1980,Zambia,7.14
1981,Zambia,7.07
1982,Zambia,7.04
1983,Zambia,7.01
1984,Zambia,6.97
1985,Zambia,6.93
1986,Zambia,6.87
1987,Zambia,6.8
1988,Zambia,6.7
1989,Zambia,6.63
1990,Zambia,6.57
1991,Zambia,6.46
1992,Zambia,6.35
1993,Zambia,6.3
1994,Zambia,6.26
1995,Zambia,6.23
1996,Zambia,6.18
1997,Zambia,6.12
1998,Zambia,6.07
1999,Zambia,6.0
2000,Zambia,5.92
2001,Zambia,5.85
2002,Zambia,5.77
2003,Zambia,5.71
2004,Zambia,5.7
2005,Zambia,5.7
2006,Zambia,5.68
2007,Zambia,5.61
2008,Zambia,5.53
2009,Zambia,5.45
2010,Zambia,5.36
2011,Zambia,5.26
2012,Zambia,5.14
2013,Zambia,5.01
2014,Zambia,4.89
2015,Zambia,4.78
2016,Zambia,4.67
2017,Zambia,4.57
2018,Zambia,4.49
2019,Zambia,4.42
2020,Zambia,4.32
2021,Zambia,4.25
2022,Zambia,4.17
2023,Zambia,4.1
2024,Zambia,4.04
1960,Ethiopia,6.51
1961,Ethiopia,6.53
1962,Ethiopia,6.56
1963,Ethiopia,6.59
1964,Ethiopia,6.61
1965,Ethiopia,6.63
1966,Ethiopia,6.66
1967,Ethiopia,6.68
1968,Ethiopia,6.7
1969,Ethiopia,6.72
1970,Ethiopia,6.78
1971,Ethiopia,6.84
1972,Ethiopia,6.89
1973,Ethiopia,6.96
1974,Ethiopia,7.02
1975,Ethiopia,7.08
1976,Ethiopia,7.13
1977,Ethiopia,7.19
1978,Ethiopia,7.23
1979,Ethiopia,7.25
1980,Ethiopia,7.29
1981,Ethiopia,7.31
1982,Ethiopia,7.34
1983,Ethiopia,7.35
1984,Ethiopia,7.36
1985,Ethiopia,7.34
1986,Ethiopia,7.32
1987,Ethiopia,7.29
1988,Ethiopia,7.26
1989,Ethiopia,7.23
1990,Ethiopia,7.2
1991,Ethiopia,7.16
1992,Ethiopia,7.12
1993,Ethiopia,7.09
1994,Ethiopia,7.05
1995,Ethiopia,7.0
1996,Ethiopia,6.93
1997,Ethiopia,6.87
1998,Ethiopia,6.79
1999,Ethiopia,6.72
2000,Ethiopia,6.65
2001,Ethiopia,6.58
2002,Ethiopia,6.5
2003,Ethiopia,6.4
2004,Ethiopia,6.3
2005,Ethiopia,6.19
2006,Ethiopia,6.05
2007,Ethiopia,5.89
2008,Ethiopia,5.7
2009,Ethiopia,5.49
2010,Ethiopia,5.28
2011,Ethiopia,5.08
2012,Ethiopia,4.89
2013,Ethiopia,4.71
2014,Ethiopia,4.61
2015,Ethiopia,4.53
2016,Ethiopia,4.47
2017,Ethiopia,4.4
2018,Ethiopia,4.37
2019,Ethiopia,4.35
2020,Ethiopia,4.27
2021,Ethiopia,4.18
2022,Ethiopia,4.08
2023,Ethiopia,3.99
2024,Ethiopia,3.91
1960,Gambia,6.25
1961,Gambia,6.23
1962,Gambia,6.21
1963,Gambia,6.2
1964,Gambia,6.2
1965,Gambia,6.19
1966,Gambia,6.18
1967,Gambia,6.21
1968,Gambia,6.22
1969,Gambia,6.25
1970,Gambia,6.26
1971,Gambia,6.33
1972,Gambia,6.37
1973,Gambia,6.41
1974,Gambia,6.42
1975,Gambia,6.43
1976,Gambia,6.43
1977,Gambia,6.43
1978,Gambia,6.42
1979,Gambia,6.41
1980,Gambia,6.41
1981,Gambia,6.4
1982,Gambia,6.4
1983,Gambia,6.39
1984,Gambia,6.38
1985,Gambia,6.36
1986,Gambia,6.34
1987,Gambia,6.3
1988,Gambia,6.26
1989,Gambia,6.25
1990,Gambia,6.25
1991,Gambia,6.19
1992,Gambia,6.11
1993,Gambia,6.03
1994,Gambia,6.04
1995,Gambia,5.99
1996,Gambia,5.92
1997,Gambia,5.85
1998,Gambia,5.82
1999,Gambia,5.77
2000,Gambia,5.72
2001,Gambia,5.67
2002,Gambia,5.66
2003,Gambia,5.66
2004,Gambia,5.68
2005,Gambia,5.71
2006,Gambia,5.74
2007,Gambia,5.68
2008,Gambia,5.62
2009,Gambia,5.57
2010,Gambia,5.56
2011,Gambia,5.54
2012,Gambia,5.52
2013,Gambia,5.39
2014,Gambia,5.2
2015,Gambia,5.0
2016,Gambia,4.81
2017,Gambia,4.61
2018,Gambia,4.42
2019,Gambia,4.33
2020,Gambia,4.25
2021,Gambia,4.17
2022,Gambia,4.08
2023,Gambia,4.01
2024,Gambia,3.91
1960,Madagascar,7.34
1961,Madagascar,7.3
1962,Madagascar,7.26
1963,Madagascar,7.21
1964,Madagascar,7.19
1965,Madagascar,7.17
1966,Madagascar,7.16
1967,Madagascar,7.14
1968,Madagascar,7.13
1969,Madagascar,7.12
1970,Madagascar,7.1
1971,Madagascar,7.07
1972,Madagascar,7.04
1973,Madagascar,7.01
1974,Madagascar,6.99
1975,Madagascar,6.97
1976,Madagascar,6.95
1977,Madagascar,6.93
1978,Madagascar,6.9
1979,Madagascar,6.87
1980,Madagascar,6.84
1981,Madagascar,6.77
1982,Madagascar,6.7
1983,Madagascar,6.63
1984,Madagascar,6.55
1985,Madagascar,6.46
1986,Madagascar,6.34
1987,Madagascar,6.24
1988,Madagascar,6.18
1989,Madagascar,6.15
1990,Madagascar,6.14
1991,Madagascar,6.12
1992,Madagascar,6.08
1993,Madagascar,6.06
1994,Madagascar,6.04
1995,Madagascar,6.04
1996,Madagascar,6.03
1997,Madagascar,6.02
1998,Madagascar,5.99
1999,Madagascar,5.84
2000,Madagascar,5.67
2001,Madagascar,5.53
2002,Madagascar,5.41
2003,Madagascar,5.33
2004,Madagascar,5.26
2005,Madagascar,5.2
2006,Madagascar,5.13
2007,Madagascar,5.08
2008,Madagascar,5.04
2009,Madagascar,5.0
2010,Madagascar,4.9
2011,Madagascar,4.74
2012,Madagascar,4.61
2013,Madagascar,4.53
2014,Madagascar,4.42
2015,Madagascar,4.33
2016,Madagascar,4.29
2017,Madagascar,4.26
2018,Madagascar,4.25
2019,Madagascar,4.22
2020,Madagascar,4.17
2021,Madagascar,4.1
2022,Madagascar,4.04
2023,Madagascar,3.97
2024,Madagascar,3.91
1960,Liberia,6.39
1961,Liberia,6.45
1962,Liberia,6.5
1963,Liberia,6.56
1964,Liberia,6.58
1965,Liberia,6.62
1966,Liberia,6.63
1967,Liberia,6.65
1968,Liberia,6.66
1969,Liberia,6.64
1970,Liberia,6.58
1971,Liberia,6.54
1972,Liberia,6.6
1973,Liberia,6.65
1974,Liberia,6.69
1975,Liberia,6.74
1976,Liberia,6.79
1977,Liberia,6.84
1978,Liberia,6.88
1979,Liberia,6.92
1980,Liberia,6.87
1981,Liberia,6.83
1982,Liberia,6.79
1983,Liberia,6.76
1984,Liberia,6.73
1985,Liberia,6.69
1986,Liberia,6.64
1987,Liberia,6.57
1988,Liberia,6.51
1989,Liberia,6.43
1990,Liberia,6.37
1991,Liberia,6.32
1992,Liberia,6.28
1993,Liberia,6.25
1994,Liberia,6.21
1995,Liberia,6.17
1996,Liberia,6.13
1997,Liberia,6.08
1998,Liberia,6.02
1999,Liberia,5.95
2000,Liberia,5.88
2001,Liberia,5.77
2002,Liberia,5.65
2003,Liberia,5.55
2004,Liberia,5.51
2005,Liberia,5.52
2006,Liberia,5.53
2007,Liberia,5.46
2008,Liberia,5.33
2009,Liberia,5.17
2010,Liberia,5.06
2011,Liberia,4.97
2012,Liberia,4.88
2013,Liberia,4.75
2014,Liberia,4.62
2015,Liberia,4.52
2016,Liberia,4.46
2017,Liberia,4.4
2018,Liberia,4.34
2019,Liberia,4.26
2020,Liberia,4.17
2021,Liberia,4.09
2022,Liberia,4.02
2023,Liberia,3.95
2024,Liberia,3.86
1960,South Sudan,7.16
1961,South Sudan,7.18
1962,South Sudan,7.2
1963,South Sudan,7.2
1964,South Sudan,7.22
1965,South Sudan,7.22
1966,South Sudan,7.25
1967,South Sudan,7.26
1968,South Sudan,7.26
1969,South Sudan,7.28
1970,South Sudan,7.29
1971,South Sudan,7.3
1972,South Sudan,7.31
1973,South Sudan,7.31
1974,South Sudan,7.31
1975,South Sudan,7.33
1976,South Sudan,7.33
1977,South Sudan,7.33
1978,South Sudan,7.33
1979,South Sudan,7.32
1980,South Sudan,7.33
1981,South Sudan,7.33
1982,South Sudan,7.34
1983,South Sudan,7.34
1984,South Sudan,7.35
1985,South Sudan,7.36
1986,South Sudan,7.38
1987,South Sudan,7.39
1988,South Sudan,7.38
1989,South Sudan,7.37
1990,South Sudan,7.38
1991,South Sudan,7.38
1992,South Sudan,7.37
1993,South Sudan,7.36
1994,South Sudan,7.35
1995,South Sudan,7.34
1996,South Sudan,7.32
1997,South Sudan,7.2
1998,South Sudan,7.08
1999,South Sudan,6.94
2000,South Sudan,6.8
2001,South Sudan,6.65
2002,South Sudan,6.51
2003,South Sudan,6.35
2004,South Sudan,6.19
2005,South Sudan,6.02
2006,South Sudan,5.85
2007,South Sudan,5.7
2008,South Sudan,5.57
2009,South Sudan,5.45
2010,South Sudan,5.32
2011,South Sudan,5.19
2012,South Sudan,5.06
2013,South Sudan,4.94
2014,South Sudan,4.82
2015,South Sudan,4.7
2016,South Sudan,4.58
2017,South Sudan,4.48
2018,South Sudan,4.37
2019,South Sudan,4.26
2020,South Sudan,4.16
2021,South Sudan,4.05
2022,South Sudan,3.96
2023,South Sudan,3.86
2024,South Sudan,3.79
1960,Senegal,7.0
1961,Senegal,7.04
1962,Senegal,7.08
1963,Senegal,7.12
1964,Senegal,7.16
1965,Senegal,7.19
1966,Senegal,7.22
1967,Senegal,7.24
1968,Senegal,7.25
1969,Senegal,7.26
1970,Senegal,7.26
1971,Senegal,7.26
1972,Senegal,7.26
1973,Senegal,7.25
1974,Senegal,7.25
1975,Senegal,7.25
1976,Senegal,7.26
1977,Senegal,7.27
1978,Senegal,7.28
1979,Senegal,7.29
1980,Senegal,7.29
1981,Senegal,7.28
1982,Senegal,7.25
1983,Senegal,7.19
1984,Senegal,7.11
1985,Senegal,7.01
1986,Senegal,6.9
1987,Senegal,6.79
1988,Senegal,6.58
1989,Senegal,6.48
1990,Senegal,6.4
1991,Senegal,6.27
1992,Senegal,6.15
1993,Senegal,6.05
1994,Senegal,5.92
1995,Senegal,5.82
1996,Senegal,5.72
1997,Senegal,5.64
1998,Senegal,5.58
1999,Senegal,5.57
2000,Senegal,5.5
2001,Senegal,5.4
2002,Senegal,5.3
2003,Senegal,5.25
2004,Senegal,5.19
2005,Senegal,5.13
2006,Senegal,5.06
2007,Senegal,5.02
2008,Senegal,5.02
2009,Senegal,5.03
2010,Senegal,5.05
2011,Senegal,5.1
2012,Senegal,5.13
2013,Senegal,5.05
2014,Senegal,4.88
2015,Senegal,4.75
2016,Senegal,4.65
2017,Senegal,4.49
2018,Senegal,4.29
2019,Senegal,4.1
2020,Senegal,4.0
2021,Senegal,3.94
2022,Senegal,3.86
2023,Senegal,3.82
2024,Senegal,3.77
1960,Guinea-Bissau,5.92
1961,Guinea-Bissau,5.93
1962,Guinea-Bissau,5.94
1963,Guinea-Bissau,5.95
1964,Guinea-Bissau,5.96
1965,Guinea-Bissau,5.97
1966,Guinea-Bissau,5.98
1967,Guinea-Bissau,5.99
1968,Guinea-Bissau,6.01
1969,Guinea-Bissau,6.02
1970,Guinea-Bissau,6.04
1971,Guinea-Bissau,6.06
1972,Guinea-Bissau,6.08
1973,Guinea-Bissau,6.1
1974,Guinea-Bissau,6.12
1975,Guinea-Bissau,6.15
1976,Guinea-Bissau,6.19
1977,Guinea-Bissau,6.25
1978,Guinea-Bissau,6.32
1979,Guinea-Bissau,6.4
1980,Guinea-Bissau,6.49
1981,Guinea-Bissau,6.57
1982,Guinea-Bissau,6.64
1983,Guinea-Bissau,6.69
1984,Guinea-Bissau,6.73
1985,Guinea-Bissau,6.74
1986,Guinea-Bissau,6.73
1987,Guinea-Bissau,6.72
1988,Guinea-Bissau,6.69
1989,Guinea-Bissau,6.66
1990,Guinea-Bissau,6.5
1991,Guinea-Bissau,6.47
1992,Guinea-Bissau,6.43
1993,Guinea-Bissau,6.37
1994,Guinea-Bissau,6.3
1995,Guinea-Bissau,6.22
1996,Guinea-Bissau,6.14
1997,Guinea-Bissau,6.06
1998,Guinea-Bissau,5.97
1999,Guinea-Bissau,5.87
2000,Guinea-Bissau,5.79
2001,Guinea-Bissau,5.69
2002,Guinea-Bissau,5.63
2003,Guinea-Bissau,5.58
2004,Guinea-Bissau,5.5
2005,Guinea-Bissau,5.46
2006,Guinea-Bissau,5.41
2007,Guinea-Bissau,5.37
2008,Guinea-Bissau,5.27
2009,Guinea-Bissau,5.18
2010,Guinea-Bissau,5.11
2011,Guinea-Bissau,5.07
2012,Guinea-Bissau,5.0
2013,Guinea-Bissau,4.93
2014,Guinea-Bissau,4.79
2015,Guinea-Bissau,4.66
2016,Guinea-Bissau,4.52
2017,Guinea-Bissau,4.35
2018,Guinea-Bissau,4.24
2019,Guinea-Bissau,4.15
2020,Guinea-Bissau,4.08
2021,Guinea-Bissau,4.0
2022,Guinea-Bissau,3.91
2023,Guinea-Bissau,3.84
2024,Guinea-Bissau,3.76
1960,Sierra Leone,6.17
1961,Sierra Leone,6.21
1962,Sierra Leone,6.22
1963,Sierra Leone,6.26
1964,Sierra Leone,6.29
1965,Sierra Leone,6.31
1966,Sierra Leone,6.34
1967,Sierra Leone,6.38
1968,Sierra Leone,6.38
1969,Sierra Leone,6.39
1970,Sierra Leone,6.41
1971,Sierra Leone,6.43
1972,Sierra Leone,6.45
1973,Sierra Leone,6.47
1974,Sierra Leone,6.53
1975,Sierra Leone,6.55
1976,Sierra Leone,6.55
1977,Sierra Leone,6.57
1978,Sierra Leone,6.59
1979,Sierra Leone,6.58
1980,Sierra Leone,6.56
1981,Sierra Leone,6.55
1982,Sierra Leone,6.56
1983,Sierra Leone,6.57
1984,Sierra Leone,6.59
1985,Sierra Leone,6.59
1986,Sierra Leone,6.6
1987,Sierra Leone,6.61
1988,Sierra Leone,6.59
1989,Sierra Leone,6.57
1990,Sierra Leone,6.57
1991,Sierra Leone,6.55
1992,Sierra Leone,6.55
1993,Sierra Leone,6.57
1994,Sierra Leone,6.56
1995,Sierra Leone,6.55
1996,Sierra Leone,6.55
1997,Sierra Leone,6.53
1998,Sierra Leone,6.5
1999,Sierra Leone,6.42
2000,Sierra Leone,6.36
2001,Sierra Leone,6.3
2002,Sierra Leone,6.23
2003,Sierra Leone,6.09
2004,Sierra Leone,5.92
2005,Sierra Leone,5.81
2006,Sierra Leone,5.74
2007,Sierra Leone,5.64
2008,Sierra Leone,5.56
2009,Sierra Leone,5.45
2010,Sierra Leone,5.33
2011,Sierra Leone,5.21
2012,Sierra Leone,5.06
2013,Sierra Leone,4.87
2014,Sierra Leone,4.7
2015,Sierra Leone,4.55
2016,Sierra Leone,4.47
2017,Sierra Leone,4.39
2018,Sierra Leone,4.29
2019,Sierra Leone,4.19
2020,Sierra Leone,4.08
2021,Sierra Leone,3.98
2022,Sierra Leone,3.88
2023,Sierra Leone,3.79
2024,Sierra Leone,3.7
1960,Eritrea,6.48
1961,Eritrea,6.47
1962,Eritrea,6.5
1963,Eritrea,6.48
1964,Eritrea,6.49
1965,Eritrea,6.49
1966,Eritrea,6.5
1967,Eritrea,6.5
1968,Eritrea,6.5
1969,Eritrea,6.5
1970,Eritrea,6.54
1971,Eritrea,6.54
1972,Eritrea,6.54
1973,Eritrea,6.55
1974,Eritrea,6.57
1975,Eritrea,6.59
1976,Eritrea,6.6
1977,Eritrea,6.61
1978,Eritrea,6.61
1979,Eritrea,6.62
1980,Eritrea,6.61
1981,Eritrea,6.62
1982,Eritrea,6.63
1983,Eritrea,6.65
1984,Eritrea,6.62
1985,Eritrea,6.59
1986,Eritrea,6.55
1987,Eritrea,6.52
1988,Eritrea,6.47
1989,Eritrea,6.41
1990,Eritrea,6.34
1991,Eritrea,6.24
1992,Eritrea,6.16
1993,Eritrea,6.07
1994,Eritrea,6.0
1995,Eritrea,5.94
1996,Eritrea,5.84
1997,Eritrea,5.74
1998,Eritrea,5.63
1999,Eritrea,5.52
2000,Eritrea,5.4
2001,Eritrea,5.31
2002,Eritrea,5.23
2003,Eritrea,5.14
2004,Eritrea,5.04
2005,Eritrea,4.93
2006,Eritrea,4.88
2007,Eritrea,4.81
2008,Eritrea,4.74
2009,Eritrea,4.66
2010,Eritrea,4.57
2011,Eritrea,4.49
2012,Eritrea,4.41
2013,Eritrea,4.33
2014,Eritrea,4.27
2015,Eritrea,4.22
2016,Eritrea,4.16
2017,Eritrea,4.11
2018,Eritrea,4.06
2019,Eritrea,4.0
2020,Eritrea,3.93
2021,Eritrea,3.87
2022,Eritrea,3.79
2023,Eritrea,3.71
2024,Eritrea,3.68
1960,Zimbabwe,7.2
1961,Zimbabwe,7.21
1962,Zimbabwe,7.23
1963,Zimbabwe,7.23
1964,Zimbabwe,7.23
1965,Zimbabwe,7.23
1966,Zimbabwe,7.2
1967,Zimbabwe,7.16
1968,Zimbabwe,7.11
1969,Zimbabwe,7.04
1970,Zimbabwe,6.98
1971,Zimbabwe,6.94
1972,Zimbabwe,6.94
1973,Zimbabwe,6.94
1974,Zimbabwe,6.88
1975,Zimbabwe,6.83
1976,Zimbabwe,6.77
1977,Zimbabwe,6.71
1978,Zimbabwe,6.66
1979,Zimbabwe,6.59
1980,Zimbabwe,6.52
1981,Zimbabwe,6.45
1982,Zimbabwe,6.33
1983,Zimbabwe,6.2
1984,Zimbabwe,6.04
1985,Zimbabwe,5.87
1986,Zimbabwe,5.69
1987,Zimbabwe,5.5
1988,Zimbabwe,5.28
1989,Zimbabwe,5.07
1990,Zimbabwe,4.88
1991,Zimbabwe,4.71
1992,Zimbabwe,4.57
1993,Zimbabwe,4.39
1994,Zimbabwe,4.28
1995,Zimbabwe,4.15
1996,Zimbabwe,4.11
1997,Zimbabwe,4.08
1998,Zimbabwe,4.07
1999,Zimbabwe,4.06
2000,Zimbabwe,4.01
2001,Zimbabwe,3.98
2002,Zimbabwe,3.92
2003,Zimbabwe,3.86
2004,Zimbabwe,3.78
2005,Zimbabwe,3.69
2006,Zimbabwe,3.63
2007,Zimbabwe,3.68
2008,Zimbabwe,3.78
2009,Zimbabwe,3.95
2010,Zimbabwe,4.04
2011,Zimbabwe,4.13
2012,Zimbabwe,4.13
2013,Zimbabwe,4.11
2014,Zimbabwe,4.01
2015,Zimbabwe,3.91
2016,Zimbabwe,3.83
2017,Zimbabwe,3.77
2018,Zimbabwe,3.74
2019,Zimbabwe,3.75
2020,Zimbabwe,3.75
2021,Zimbabwe,3.77
2022,Zimbabwe,3.77
2023,Zimbabwe,3.72
2024,Zimbabwe,3.67
1960,Rwanda,8.28
1961,Rwanda,8.28
1962,Rwanda,8.27
1963,Rwanda,8.27
1964,Rwanda,8.27
1965,Rwanda,8.25
1966,Rwanda,8.23
1967,Rwanda,8.21
1968,Rwanda,8.19
1969,Rwanda,8.18
1970,Rwanda,8.14
1971,Rwanda,8.09
1972,Rwanda,8.09
1973,Rwanda,8.09
1974,Rwanda,8.1
1975,Rwanda,8.1
1976,Rwanda,8.12
1977,Rwanda,8.14
1978,Rwanda,8.16
1979,Rwanda,8.13
1980,Rwanda,8.12
1981,Rwanda,8.1
1982,Rwanda,8.06
1983,Rwanda,8.0
1984,Rwanda,7.91
1985,Rwanda,7.79
1986,Rwanda,7.61
1987,Rwanda,7.43
1988,Rwanda,7.23
1989,Rwanda,7.03
1990,Rwanda,6.8
1991,Rwanda,6.62
1992,Rwanda,6.54
1993,Rwanda,6.48
1994,Rwanda,6.42
1995,Rwanda,6.34
1996,Rwanda,6.29
1997,Rwanda,6.24
1998,Rwanda,6.17
1999,Rwanda,6.06
2000,Rwanda,5.97
2001,Rwanda,5.89
2002,Rwanda,5.82
2003,Rwanda,5.74
2004,Rwanda,5.64
2005,Rwanda,5.5
2006,Rwanda,5.33
2007,Rwanda,5.14
2008,Rwanda,4.92
2009,Rwanda,4.71
2010,Rwanda,4.52
2011,Rwanda,4.33
2012,Rwanda,4.2
2013,Rwanda,4.14
2014,Rwanda,4.12
2015,Rwanda,4.11
2016,Rwanda,4.11
2017,Rwanda,4.08
2018,Rwanda,4.05
2019,Rwanda,3.98
2020,Rwanda,3.91
2021,Rwanda,3.84
2022,Rwanda,3.78
2023,Rwanda,3.7
2024,Rwanda,3.65
1960,Gabon,4.42
1961,Gabon,4.5
1962,Gabon,4.59
1963,Gabon,4.65
1964,Gabon,4.71
1965,Gabon,4.79
1966,Gabon,4.86
1967,Gabon,4.92
1968,Gabon,4.98
1969,Gabon,5.05
1970,Gabon,5.1
1971,Gabon,5.16
1972,Gabon,5.24
1973,Gabon,5.29
1974,Gabon,5.33
1975,Gabon,5.39
1976,Gabon,5.46
1977,Gabon,5.52
1978,Gabon,5.57
1979,Gabon,5.61
1980,Gabon,5.66
1981,Gabon,5.73
1982,Gabon,5.74
1983,Gabon,5.76
1984,Gabon,5.73
1985,Gabon,5.71
1986,Gabon,5.69
1987,Gabon,5.67
1988,Gabon,5.62
1989,Gabon,5.55
1990,Gabon,5.46
1991,Gabon,5.37
1992,Gabon,5.29
1993,Gabon,5.19
1994,Gabon,5.04
1995,Gabon,4.88
1996,Gabon,4.74
1997,Gabon,4.66
1998,Gabon,4.58
1999,Gabon,4.5
2000,Gabon,4.47
2001,Gabon,4.42
2002,Gabon,4.36
2003,Gabon,4.3
2004,Gabon,4.25
2005,Gabon,4.21
2006,Gabon,4.17
2007,Gabon,4.14
2008,Gabon,4.12
2009,Gabon,4.14
2010,Gabon,4.15
2011,Gabon,4.15
2012,Gabon,4.09
2013,Gabon,4.02
2014,Gabon,3.95
2015,Gabon,3.92
2016,Gabon,3.92
2017,Gabon,3.91
2018,Gabon,3.91
2019,Gabon,3.88
2020,Gabon,3.83
2021,Gabon,3.78
2022,Gabon,3.71
2023,Gabon,3.65
2024,Gabon,3.59
1960,Malawi,7.04
1961,Malawi,7.07
1962,Malawi,7.09
1963,Malawi,7.13
1964,Malawi,7.11
1965,Malawi,7.13
1966,Malawi,7.17
1967,Malawi,7.21
1968,Malawi,7.26
1969,Malawi,7.27
1970,Malawi,7.29
1971,Malawi,7.31
1972,Malawi,7.33
1973,Malawi,7.34
1974,Malawi,7.34
1975,Malawi,7.36
1976,Malawi,7.39
1977,Malawi,7.41
1978,Malawi,7.43
1979,Malawi,7.46
1980,Malawi,7.52
1981,Malawi,7.49
1982,Malawi,7.45
1983,Malawi,7.36
1984,Malawi,7.26
1985,Malawi,7.17
1986,Malawi,7.07
1987,Malawi,6.97
1988,Malawi,6.88
1989,Malawi,6.8
1990,Malawi,6.74
1991,Malawi,6.68
1992,Malawi,6.63
1993,Malawi,6.57
1994,Malawi,6.49
1995,Malawi,6.39
1996,Malawi,6.29
1997,Malawi,6.23
1998,Malawi,6.21
1999,Malawi,6.12
2000,Malawi,6.0
2001,Malawi,5.94
2002,Malawi,5.9
2003,Malawi,5.88
2004,Malawi,5.86
2005,Malawi,5.85
2006,Malawi,5.8
2007,Malawi,5.72
2008,Malawi,5.61
2009,Malawi,5.45
2010,Malawi,5.26
2011,Malawi,5.08
2012,Malawi,4.9
2013,Malawi,4.76
2014,Malawi,4.57
2015,Malawi,4.38
2016,Malawi,4.22
2017,Malawi,4.11
2018,Malawi,4.02
2019,Malawi,3.95
2020,Malawi,3.88
2021,Malawi,3.79
2022,Malawi,3.72
2023,Malawi,3.65
2024,Malawi,3.59
1960,Pakistan,6.8
1961,Pakistan,6.8
1962,Pakistan,6.8
1963,Pakistan,6.8
1964,Pakistan,6.8
1965,Pakistan,6.8
1966,Pakistan,6.8
1967,Pakistan,6.8
1968,Pakistan,6.8
1969,Pakistan,6.8
1970,Pakistan,6.8
1971,Pakistan,6.8
1972,Pakistan,6.8
1973,Pakistan,6.81
1974,Pakistan,6.81
1975,Pakistan,6.81
1976,Pakistan,6.81
1977,Pakistan,6.8
1978,Pakistan,6.78
1979,Pakistan,6.76
1980,Pakistan,6.73
1981,Pakistan,6.7
1982,Pakistan,6.67
1983,Pakistan,6.64
1984,Pakistan,6.62
1985,Pakistan,6.58
1986,Pakistan,6.55
1987,Pakistan,6.52
1988,Pakistan,6.48
1989,Pakistan,6.42
1990,Pakistan,6.36
1991,Pakistan,6.29
1992,Pakistan,6.21
1993,Pakistan,6.11
1994,Pakistan,6.01
1995,Pakistan,5.89
1996,Pakistan,5.77
1997,Pakistan,5.64
1998,Pakistan,5.51
1999,Pakistan,5.46
2000,Pakistan,5.35
2001,Pakistan,5.18
2002,Pakistan,5.01
2003,Pakistan,4.89
2004,Pakistan,4.68
2005,Pakistan,4.59
2006,Pakistan,4.59
2007,Pakistan,4.55
2008,Pakistan,4.51
2009,Pakistan,4.46
2010,Pakistan,4.4
2011,Pakistan,4.3
2012,Pakistan,4.2
2013,Pakistan,4.12
2014,Pakistan,4.05
2015,Pakistan,3.99
2016,Pakistan,3.9
2017,Pakistan,3.9
2018,Pakistan,3.85
2019,Pakistan,3.81
2020,Pakistan,3.77
2021,Pakistan,3.72
2022,Pakistan,3.66
2023,Pakistan,3.6
2024,Pakistan,3.55
1960,Uzbekistan,6.61
1961,Uzbekistan,6.75
1962,Uzbekistan,6.88
1963,Uzbekistan,6.81
1964,Uzbekistan,6.82
1965,Uzbekistan,6.81
1966,Uzbekistan,6.66
1967,Uzbekistan,6.57
1968,Uzbekistan,6.39
1969,Uzbekistan,6.34
1970,Uzbekistan,6.31
1971,Uzbekistan,6.28
1972,Uzbekistan,6.25
1973,Uzbekistan,6.16
1974,Uzbekistan,6.05
1975,Uzbekistan,5.92
1976,Uzbekistan,5.75
1977,Uzbekistan,5.54
1978,Uzbekistan,5.28
1979,Uzbekistan,5.16
1980,Uzbekistan,5.04
1981,Uzbekistan,4.91
1982,Uzbekistan,4.82
1983,Uzbekistan,4.71
1984,Uzbekistan,4.73
1985,Uzbekistan,4.69
1986,Uzbekistan,4.67
1987,Uzbekistan,4.53
1988,Uzbekistan,4.26
1989,Uzbekistan,4.1
1990,Uzbekistan,4.12
1991,Uzbekistan,4.19
1992,Uzbekistan,4.06
1993,Uzbekistan,3.86
1994,Uzbekistan,3.66
1995,Uzbekistan,3.57
1996,Uzbekistan,3.39
1997,Uzbekistan,3.19
1998,Uzbekistan,2.98
1999,Uzbekistan,2.83
2000,Uzbekistan,2.7
2001,Uzbekistan,2.61
2002,Uzbekistan,2.58
2003,Uzbekistan,2.5
2004,Uzbekistan,2.5
2005,Uzbekistan,2.44
2006,Uzbekistan,2.46
2007,Uzbekistan,2.57
2008,Uzbekistan,2.63
2009,Uzbekistan,2.56
2010,Uzbekistan,2.44
2011,Uzbekistan,2.35
2012,Uzbekistan,2.34
2013,Uzbekistan,2.44
2014,Uzbekistan,2.55
2015,Uzbekistan,2.58
2016,Uzbekistan,2.56
2017,Uzbekistan,2.57
2018,Uzbekistan,2.71
2019,Uzbekistan,2.87
2020,Uzbekistan,3.06
2021,Uzbekistan,3.27
2022,Uzbekistan,3.4
2023,Uzbekistan,3.5
2024,Uzbekistan,3.49
1960,Ghana,6.89
1961,Ghana,6.91
1962,Ghana,6.94
1963,Ghana,6.94
1964,Ghana,6.9
1965,Ghana,6.88
1966,Ghana,6.86
1967,Ghana,6.89
1968,Ghana,6.89
1969,Ghana,6.95
1970,Ghana,6.95
1971,Ghana,6.95
1972,Ghana,6.92
1973,Ghana,6.87
1974,Ghana,6.82
1975,Ghana,6.76
1976,Ghana,6.7
1977,Ghana,6.64
1978,Ghana,6.56
1979,Ghana,6.51
1980,Ghana,6.47
1981,Ghana,6.42
1982,Ghana,6.31
1983,Ghana,6.23
1984,Ghana,6.15
1985,Ghana,6.12
1986,Ghana,6.08
1987,Ghana,6.02
1988,Ghana,5.92
1989,Ghana,5.82
1990,Ghana,5.74
1991,Ghana,5.63
1992,Ghana,5.52
1993,Ghana,5.41
1994,Ghana,5.25
1995,Ghana,5.11
1996,Ghana,4.96
1997,Ghana,4.88
1998,Ghana,4.83
1999,Ghana,4.82
2000,Ghana,4.83
2001,Ghana,4.77
2002,Ghana,4.69
2003,Ghana,4.6
2004,Ghana,4.5
2005,Ghana,4.5
2006,Ghana,4.4
2007,Ghana,4.29
2008,Ghana,4.22
2009,Ghana,4.18
2010,Ghana,4.18
2011,Ghana,4.18
2012,Ghana,4.15
2013,Ghana,4.11
2014,Ghana,4.03
2015,Ghana,3.98
2016,Ghana,3.87
2017,Ghana,3.71
2018,Ghana,3.65
2019,Ghana,3.59
2020,Ghana,3.54
2021,Ghana,3.49
2022,Ghana,3.43
2023,Ghana,3.4
2024,Ghana,3.34
1960,Iraq,5.3
1961,Iraq,5.8
1962,Iraq,6.99
1963,Iraq,7.0
1964,Iraq,7.01
1965,Iraq,7.02
1966,Iraq,7.02
1967,Iraq,7.03
1968,Iraq,7.06
1969,Iraq,7.08
1970,Iraq,7.07
1971,Iraq,7.05
1972,Iraq,7.02
1973,Iraq,6.99
1974,Iraq,6.95
1975,Iraq,6.91
1976,Iraq,6.86
1977,Iraq,6.79
1978,Iraq,6.73
1979,Iraq,6.66
1980,Iraq,6.59
1981,Iraq,6.53
1982,Iraq,6.46
1983,Iraq,6.39
1984,Iraq,6.32
1985,Iraq,6.25
1986,Iraq,6.18
1987,Iraq,6.11
1988,Iraq,6.05
1989,Iraq,5.99
1990,Iraq,5.93
1991,Iraq,5.83
1992,Iraq,5.72
1993,Iraq,5.61
1994,Iraq,5.49
1995,Iraq,5.36
1996,Iraq,5.25
1997,Iraq,5.19
1998,Iraq,5.11
1999,Iraq,5.04
2000,Iraq,4.92
2001,Iraq,4.8
2002,Iraq,4.67
2003,Iraq,4.58
2004,Iraq,4.53
2005,Iraq,4.45
2006,Iraq,4.46
2007,Iraq,4.4
2008,Iraq,4.37
2009,Iraq,4.38
2010,Iraq,4.46
2011,Iraq,4.59
2012,Iraq,4.54
2013,Iraq,4.44
2014,Iraq,4.31
2015,Iraq,4.08
2016,Iraq,3.84
2017,Iraq,3.64
2018,Iraq,3.55
2019,Iraq,3.48
2020,Iraq,3.42
2021,Iraq,3.36
2022,Iraq,3.29
2023,Iraq,3.25
2024,Iraq,3.22
1960,Namibia,6.24
1961,Namibia,6.29
1962,Namibia,6.35
1963,Namibia,6.41
1964,Namibia,6.43
1965,Namibia,6.45
1966,Namibia,6.47
1967,Namibia,6.49
1968,Namibia,6.5
1969,Namibia,6.51
1970,Namibia,6.52
1971,Namibia,6.52
1972,Namibia,6.53
1973,Namibia,6.54
1974,Namibia,6.55
1975,Namibia,6.53
1976,Namibia,6.49
1977,Namibia,6.44
1978,Namibia,6.38
1979,Namibia,6.31
1980,Namibia,6.24
1981,Namibia,6.16
1982,Namibia,6.08
1983,Namibia,6.0
1984,Namibia,5.94
1985,Namibia,5.88
1986,Namibia,5.79
1987,Namibia,5.7
1988,Namibia,5.61
1989,Namibia,5.52
1990,Namibia,5.4
1991,Namibia,5.29
1992,Namibia,5.11
1993,Namibia,4.91
1994,Namibia,4.68
1995,Namibia,4.42
1996,Namibia,4.2
1997,Namibia,4.17
1998,Namibia,4.18
1999,Namibia,4.14
2000,Namibia,3.99
2001,Namibia,3.83
2002,Namibia,3.69
2003,Namibia,3.58
2004,Namibia,3.54
2005,Namibia,3.57
2006,Namibia,3.6
2007,Namibia,3.61
2008,Namibia,3.62
2009,Namibia,3.63
2010,Namibia,3.66
2011,Namibia,3.66
2012,Namibia,3.68
2013,Namibia,3.65
2014,Namibia,3.63
2015,Namibia,3.6
2016,Namibia,3.57
2017,Namibia,3.51
2018,Namibia,3.46
2019,Namibia,3.4
2020,Namibia,3.35
2021,Namibia,3.3
2022,Namibia,3.25
2023,Namibia,3.21
2024,Namibia,3.21
1960,Kenya,7.65
1961,Kenya,7.71
1962,Kenya,7.77
1963,Kenya,7.82
1964,Kenya,7.87
1965,Kenya,7.92
1966,Kenya,7.96
1967,Kenya,7.95
1968,Kenya,7.95
1969,Kenya,7.95
1970,Kenya,7.94
1971,Kenya,7.92
1972,Kenya,7.89
1973,Kenya,7.86
1974,Kenya,7.82
1975,Kenya,7.79
1976,Kenya,7.77
1977,Kenya,7.73
1978,Kenya,7.67
1979,Kenya,7.6
1980,Kenya,7.53
1981,Kenya,7.45
1982,Kenya,7.34
1983,Kenya,7.22
1984,Kenya,7.08
1985,Kenya,6.96
1986,Kenya,6.84
1987,Kenya,6.69
1988,Kenya,6.51
1989,Kenya,6.33
1990,Kenya,6.13
1991,Kenya,5.94
1992,Kenya,5.74
1993,Kenya,5.57
1994,Kenya,5.44
1995,Kenya,5.37
1996,Kenya,5.31
1997,Kenya,5.27
1998,Kenya,5.24
1999,Kenya,5.18
2000,Kenya,5.14
2001,Kenya,5.09
2002,Kenya,5.03
2003,Kenya,4.94
2004,Kenya,4.86
2005,Kenya,4.8
2006,Kenya,4.75
2007,Kenya,4.72
2008,Kenya,4.66
2009,Kenya,4.57
2010,Kenya,4.45
2011,Kenya,4.28
2012,Kenya,4.12
2013,Kenya,3.96
2014,Kenya,3.84
2015,Kenya,3.77
2016,Kenya,3.69
2017,Kenya,3.61
2018,Kenya,3.54
2019,Kenya,3.43
2020,Kenya,3.36
2021,Kenya,3.31
2022,Kenya,3.26
2023,Kenya,3.21
2024,Kenya,3.17
1960,Papua N. Guinea,6.02
1961,Papua N. Guinea,6.07
1962,Papua N. Guinea,6.13
1963,Papua N. Guinea,6.15
1964,Papua N. Guinea,6.19
1965,Papua N. Guinea,6.2
1966,Papua N. Guinea,6.23
1967,Papua N. Guinea,6.24
1968,Papua N. Guinea,6.25
1969,Papua N. Guinea,6.26
1970,Papua N. Guinea,6.25
1971,Papua N. Guinea,6.23
1972,Papua N. Guinea,6.2
1973,Papua N. Guinea,6.16
1974,Papua N. Guinea,6.11
1975,Papua N. Guinea,6.07
1976,Papua N. Guinea,6.02
1977,Papua N. Guinea,5.96
1978,Papua N. Guinea,5.88
1979,Papua N. Guinea,5.79
1980,Papua N. Guinea,5.71
1981,Papua N. Guinea,5.64
1982,Papua N. Guinea,5.59
1983,Papua N. Guinea,5.56
1984,Papua N. Guinea,5.51
1985,Papua N. Guinea,5.47
1986,Papua N. Guinea,5.42
1987,Papua N. Guinea,5.36
1988,Papua N. Guinea,5.3
1989,Papua N. Guinea,5.24
1990,Papua N. Guinea,5.18
1991,Papua N. Guinea,5.11
1992,Papua N. Guinea,5.03
1993,Papua N. Guinea,4.96
1994,Papua N. Guinea,4.87
1995,Papua N. Guinea,4.78
1996,Papua N. Guinea,4.73
1997,Papua N. Guinea,4.68
1998,Papua N. Guinea,4.63
1999,Papua N. Guinea,4.59
2000,Papua N. Guinea,4.53
2001,Papua N. Guinea,4.47
2002,Papua N. Guinea,4.42
2003,Papua N. Guinea,4.36
2004,Papua N. Guinea,4.28
2005,Papua N. Guinea,4.22
2006,Papua N. Guinea,4.15
2007,Papua N. Guinea,4.08
2008,Papua N. Guinea,4.01
2009,Papua N. Guinea,3.94
2010,Papua N. Guinea,3.88
2011,Papua N. Guinea,3.82
2012,Papua N. Guinea,3.75
2013,Papua N. Guinea,3.68
2014,Papua N. Guinea,3.62
2015,Papua N. Guinea,3.56
2016,Papua N. Guinea,3.5
2017,Papua N. Guinea,3.43
2018,Papua N. Guinea,3.38
2019,Papua N. Guinea,3.32
2020,Papua N. Guinea,3.27
2021,Papua N. Guinea,3.21
2022,Papua N. Guinea,3.17
2023,Papua N. Guinea,3.1
2024,Papua N. Guinea,3.07
1960,Tajikistan,6.24
1961,Tajikistan,6.35
1962,Tajikistan,6.48
1963,Tajikistan,6.62
1964,Tajikistan,6.68
1965,Tajikistan,6.74
1966,Tajikistan,6.82
1967,Tajikistan,6.89
1968,Tajikistan,6.91
1969,Tajikistan,6.91
1970,Tajikistan,6.91
1971,Tajikistan,6.91
1972,Tajikistan,6.89
1973,Tajikistan,6.84
1974,Tajikistan,6.77
1975,Tajikistan,6.69
1976,Tajikistan,6.6
1977,Tajikistan,6.49
1978,Tajikistan,6.4
1979,Tajikistan,6.31
1980,Tajikistan,6.21
1981,Tajikistan,6.12
1982,Tajikistan,6.03
1983,Tajikistan,5.98
1984,Tajikistan,5.96
1985,Tajikistan,5.94
1986,Tajikistan,5.91
1987,Tajikistan,5.84
1988,Tajikistan,5.75
1989,Tajikistan,5.61
1990,Tajikistan,5.46
1991,Tajikistan,5.28
1992,Tajikistan,5.06
1993,Tajikistan,4.92
1994,Tajikistan,4.79
1995,Tajikistan,4.66
1996,Tajikistan,3.94
1997,Tajikistan,4.06
1998,Tajikistan,4.07
1999,Tajikistan,3.85
2000,Tajikistan,3.49
2001,Tajikistan,3.49
2002,Tajikistan,3.47
2003,Tajikistan,3.42
2004,Tajikistan,3.51
2005,Tajikistan,3.4
2006,Tajikistan,3.34
2007,Tajikistan,3.37
2008,Tajikistan,3.39
2009,Tajikistan,3.43
2010,Tajikistan,3.46
2011,Tajikistan,3.46
2012,Tajikistan,3.42
2013,Tajikistan,3.43
2014,Tajikistan,3.46
2015,Tajikistan,3.46
2016,Tajikistan,3.38
2017,Tajikistan,3.29
2018,Tajikistan,3.29
2019,Tajikistan,3.28
2020,Tajikistan,3.21
2021,Tajikistan,3.17
2022,Tajikistan,3.13
2023,Tajikistan,3.07
2024,Tajikistan,3.04
1960,Kazakhstan,4.5
1961,Kazakhstan,4.42
1962,Kazakhstan,4.36
1963,Kazakhstan,4.26
1964,Kazakhstan,4.07
1965,Kazakhstan,3.88
1966,Kazakhstan,3.82
1967,Kazakhstan,3.77
1968,Kazakhstan,3.63
1969,Kazakhstan,3.51
1970,Kazakhstan,3.5
1971,Kazakhstan,3.53
1972,Kazakhstan,3.55
1973,Kazakhstan,3.51
1974,Kazakhstan,3.45
1975,Kazakhstan,3.4
1976,Kazakhstan,3.33
1977,Kazakhstan,3.26
1978,Kazakhstan,3.16
1979,Kazakhstan,3.14
1980,Kazakhstan,3.09
1981,Kazakhstan,3.05
1982,Kazakhstan,3.02
1983,Kazakhstan,3.07
1984,Kazakhstan,3.15
1985,Kazakhstan,3.21
1986,Kazakhstan,3.19
1987,Kazakhstan,3.12
1988,Kazakhstan,3.0
1989,Kazakhstan,2.87
1990,Kazakhstan,2.75
1991,Kazakhstan,2.68
1992,Kazakhstan,2.58
1993,Kazakhstan,2.48
1994,Kazakhstan,2.38
1995,Kazakhstan,2.25
1996,Kazakhstan,2.08
1997,Kazakhstan,1.97
1998,Kazakhstan,1.94
1999,Kazakhstan,1.9
2000,Kazakhstan,1.9
2001,Kazakhstan,1.91
2002,Kazakhstan,1.96
2003,Kazakhstan,2.08
2004,Kazakhstan,2.2
2005,Kazakhstan,2.27
2006,Kazakhstan,2.38
2007,Kazakhstan,2.49
2008,Kazakhstan,2.62
2009,Kazakhstan,2.58
2010,Kazakhstan,2.61
2011,Kazakhstan,2.6
2012,Kazakhstan,2.64
2013,Kazakhstan,2.67
2014,Kazakhstan,2.76
2015,Kazakhstan,2.75
2016,Kazakhstan,2.79
2017,Kazakhstan,2.75
2018,Kazakhstan,2.85
2019,Kazakhstan,2.89
2020,Kazakhstan,3.13
2021,Kazakhstan,3.32
2022,Kazakhstan,3.05
2023,Kazakhstan,3.01
2024,Kazakhstan,2.98
1960,Israel,3.87
1961,Israel,3.86
1962,Israel,3.85
1963,Israel,3.84
1964,Israel,3.83
1965,Israel,3.81
1966,Israel,3.8
1967,Israel,3.79
1968,Israel,3.79
1969,Israel,3.78
1970,Israel,3.78
1971,Israel,3.77
1972,Israel,3.77
1973,Israel,3.7
1974,Israel,3.63
1975,Israel,3.55
1976,Israel,3.48
1977,Israel,3.41
1978,Israel,3.35
1979,Israel,3.3
1980,Israel,3.24
1981,Israel,3.19
1982,Israel,3.13
1983,Israel,3.11
1984,Israel,3.08
1985,Israel,3.06
1986,Israel,3.03
1987,Israel,3.01
1988,Israel,2.95
1989,Israel,2.89
1990,Israel,2.82
1991,Israel,2.76
1992,Israel,2.7
1993,Israel,2.8
1994,Israel,2.9
1995,Israel,2.9
1996,Israel,2.9
1997,Israel,2.94
1998,Israel,2.98
1999,Israel,2.96
2000,Israel,2.95
2001,Israel,2.92
2002,Israel,2.89
2003,Israel,2.95
2004,Israel,2.9
2005,Israel,2.84
2006,Israel,2.88
2007,Israel,2.9
2008,Israel,2.96
2009,Israel,2.96
2010,Israel,3.03
2011,Israel,2.98
2012,Israel,3.05
2013,Israel,3.03
2014,Israel,3.08
2015,Israel,3.09
2016,Israel,3.11
2017,Israel,3.11
2018,Israel,3.09
2019,Israel,3.01
2020,Israel,2.9
2021,Israel,3.0
2022,Israel,2.89
2023,Israel,2.85
2024,Israel,2.87
1960,Egypt,6.79
1961,Egypt,6.76
1962,Egypt,6.71
1963,Egypt,6.65
1964,Egypt,6.54
1965,Egypt,6.39
1966,Egypt,6.31
1967,Egypt,6.25
1968,Egypt,6.19
1969,Egypt,6.12
1970,Egypt,6.06
1971,Egypt,5.99
1972,Egypt,5.93
1973,Egypt,5.84
1974,Egypt,5.78
1975,Egypt,5.75
1976,Egypt,5.73
1977,Egypt,5.68
1978,Egypt,5.63
1979,Egypt,5.57
1980,Egypt,5.49
1981,Egypt,5.37
1982,Egypt,5.33
1983,Egypt,5.31
1984,Egypt,5.21
1985,Egypt,5.12
1986,Egypt,5.0
1987,Egypt,4.91
1988,Egypt,4.83
1989,Egypt,4.68
1990,Egypt,4.51
1991,Egypt,4.32
1992,Egypt,4.15
1993,Egypt,3.99
1994,Egypt,3.87
1995,Egypt,3.76
1996,Egypt,3.7
1997,Egypt,3.68
1998,Egypt,3.68
1999,Egypt,3.6
2000,Egypt,3.5
2001,Egypt,3.46
2002,Egypt,3.41
2003,Egypt,3.35
2004,Egypt,3.28
2005,Egypt,3.25
2006,Egypt,3.22
2007,Egypt,3.24
2008,Egypt,3.24
2009,Egypt,3.26
2010,Egypt,3.3
2011,Egypt,3.31
2012,Egypt,3.4
2013,Egypt,3.49
2014,Egypt,3.49
2015,Egypt,3.5
2016,Egypt,3.35
2017,Egypt,3.31
2018,Egypt,3.02
2019,Egypt,2.87
2020,Egypt,2.85
2021,Egypt,2.75
2022,Egypt,2.75
2023,Egypt,2.75
2024,Egypt,2.73
1960,Algeria,7.5
1961,Algeria,7.56
1962,Algeria,7.61
1963,Algeria,7.65
1964,Algeria,7.67
1965,Algeria,7.71
1966,Algeria,7.71
1967,Algeria,7.71
1968,Algeria,7.71
1969,Algeria,7.71
1970,Algeria,7.7
1971,Algeria,7.67
1972,Algeria,7.63
1973,Algeria,7.59
1974,Algeria,7.54
1975,Algeria,7.49
1976,Algeria,7.41
1977,Algeria,7.31
1978,Algeria,7.21
1979,Algeria,7.12
1980,Algeria,6.99
1981,Algeria,6.84
1982,Algeria,6.67
1983,Algeria,6.5
1984,Algeria,6.28
1985,Algeria,6.04
1986,Algeria,5.64
1987,Algeria,5.3
1988,Algeria,5.02
1989,Algeria,4.76
1990,Algeria,4.51
1991,Algeria,4.37
1992,Algeria,4.27
1993,Algeria,4.08
1994,Algeria,3.91
1995,Algeria,3.49
1996,Algeria,3.14
1997,Algeria,2.89
1998,Algeria,2.69
1999,Algeria,2.62
2000,Algeria,2.59
2001,Algeria,2.52
2002,Algeria,2.43
2003,Algeria,2.45
2004,Algeria,2.5
2005,Algeria,2.56
2006,Algeria,2.63
2007,Algeria,2.7
2008,Algeria,2.79
2009,Algeria,2.83
2010,Algeria,2.88
2011,Algeria,2.9
2012,Algeria,3.0
2013,Algeria,3.0
2014,Algeria,3.08
2015,Algeria,3.09
2016,Algeria,3.09
2017,Algeria,3.09
2018,Algeria,3.02
2019,Algeria,3.0
2020,Algeria,2.94
2021,Algeria,2.87
2022,Algeria,2.82
2023,Algeria,2.77
2024,Algeria,2.72
1960,Eswatini,6.75
1961,Eswatini,6.77
1962,Eswatini,6.79
1963,Eswatini,6.8
1964,Eswatini,6.79
1965,Eswatini,6.79
1966,Eswatini,6.8
1967,Eswatini,6.77
1968,Eswatini,6.76
1969,Eswatini,6.76
1970,Eswatini,6.75
1971,Eswatini,6.74
1972,Eswatini,6.72
1973,Eswatini,6.71
1974,Eswatini,6.71
1975,Eswatini,6.71
1976,Eswatini,6.7
1977,Eswatini,6.68
1978,Eswatini,6.65
1979,Eswatini,6.61
1980,Eswatini,6.57
1981,Eswatini,6.54
1982,Eswatini,6.49
1983,Eswatini,6.43
1984,Eswatini,6.36
1985,Eswatini,6.28
1986,Eswatini,6.11
1987,Eswatini,5.9
1988,Eswatini,5.69
1989,Eswatini,5.48
1990,Eswatini,5.29
1991,Eswatini,5.13
1992,Eswatini,4.98
1993,Eswatini,4.82
1994,Eswatini,4.66
1995,Eswatini,4.52
1996,Eswatini,4.38
1997,Eswatini,4.24
1998,Eswatini,4.12
1999,Eswatini,4.09
2000,Eswatini,4.03
2001,Eswatini,3.94
2002,Eswatini,3.85
2003,Eswatini,3.8
2004,Eswatini,3.76
2005,Eswatini,3.7
2006,Eswatini,3.63
2007,Eswatini,3.58
2008,Eswatini,3.57
2009,Eswatini,3.5
2010,Eswatini,3.38
2011,Eswatini,3.32
2012,Eswatini,3.27
2013,Eswatini,3.24
2014,Eswatini,3.18
2015,Eswatini,3.12
2016,Eswatini,3.07
2017,Eswatini,3.02
2018,Eswatini,2.97
2019,Eswatini,2.92
2020,Eswatini,2.89
2021,Eswatini,2.84
2022,Eswatini,2.8
2023,Eswatini,2.75
2024,Eswatini,2.72
1960,Botswana,6.59
1961,Botswana,6.56
1962,Botswana,6.54
1963,Botswana,6.58
1964,Botswana,6.61
1965,Botswana,6.6
1966,Botswana,6.61
1967,Botswana,6.6
1968,Botswana,6.58
1969,Botswana,6.56
1970,Botswana,6.55
1971,Botswana,6.54
1972,Botswana,6.56
1973,Botswana,6.59
1974,Botswana,6.61
1975,Botswana,6.61
1976,Botswana,6.6
1977,Botswana,6.54
1978,Botswana,6.48
1979,Botswana,6.39
1980,Botswana,6.29
1981,Botswana,6.16
1982,Botswana,5.97
1983,Botswana,5.79
1984,Botswana,5.62
1985,Botswana,5.48
1986,Botswana,5.33
1987,Botswana,5.1
1988,Botswana,4.88
1989,Botswana,4.67
1990,Botswana,4.51
1991,Botswana,4.37
1992,Botswana,4.25
1993,Botswana,4.15
1994,Botswana,4.02
1995,Botswana,3.79
1996,Botswana,3.57
1997,Botswana,3.43
1998,Botswana,3.36
1999,Botswana,3.31
2000,Botswana,3.29
2001,Botswana,3.25
2002,Botswana,3.17
2003,Botswana,3.11
2004,Botswana,3.06
2005,Botswana,3.08
2006,Botswana,3.11
2007,Botswana,3.13
2008,Botswana,3.13
2009,Botswana,3.13
2010,Botswana,3.13
2011,Botswana,3.1
2012,Botswana,3.07
2013,Botswana,3.04
2014,Botswana,3.03
2015,Botswana,3.01
2016,Botswana,2.99
2017,Botswana,2.97
2018,Botswana,2.94
2019,Botswana,2.91
2020,Botswana,2.86
2021,Botswana,2.83
2022,Botswana,2.79
2023,Botswana,2.73
2024,Botswana,2.7
1960,Syria,7.5
1961,Syria,7.5
1962,Syria,7.51
1963,Syria,7.51
1964,Syria,7.53
1965,Syria,7.53
1966,Syria,7.55
1967,Syria,7.56
1968,Syria,7.57
1969,Syria,7.59
1970,Syria,7.62
1971,Syria,7.6
1972,Syria,7.57
1973,Syria,7.55
1974,Syria,7.52
1975,Syria,7.49
1976,Syria,7.45
1977,Syria,7.42
1978,Syria,7.34
1979,Syria,7.25
1980,Syria,7.12
1981,Syria,6.97
1982,Syria,6.81
1983,Syria,6.69
1984,Syria,6.59
1985,Syria,6.48
1986,Syria,6.37
1987,Syria,6.2
1988,Syria,6.0
1989,Syria,5.78
1990,Syria,5.56
1991,Syria,5.34
1992,Syria,5.14
1993,Syria,4.99
1994,Syria,4.86
1995,Syria,4.7
1996,Syria,4.54
1997,Syria,4.37
1998,Syria,4.25
1999,Syria,4.14
2000,Syria,4.07
2001,Syria,3.98
2002,Syria,3.87
2003,Syria,3.76
2004,Syria,3.68
2005,Syria,3.6
2006,Syria,3.56
2007,Syria,3.54
2008,Syria,3.48
2009,Syria,3.42
2010,Syria,3.35
2011,Syria,3.29
2012,Syria,3.22
2013,Syria,3.17
2014,Syria,3.12
2015,Syria,3.07
2016,Syria,3.01
2017,Syria,2.97
2018,Syria,2.93
2019,Syria,2.88
2020,Syria,2.84
2021,Syria,2.8
2022,Syria,2.75
2023,Syria,2.71
2024,Syria,2.7
1960,Lesotho,5.78
1961,Lesotho,5.79
1962,Lesotho,5.79
1963,Lesotho,5.78
1964,Lesotho,5.76
1965,Lesotho,5.77
1966,Lesotho,5.76
1967,Lesotho,5.75
1968,Lesotho,5.72
1969,Lesotho,5.7
1970,Lesotho,5.7
1971,Lesotho,5.7
1972,Lesotho,5.69
1973,Lesotho,5.69
1974,Lesotho,5.75
1975,Lesotho,5.83
1976,Lesotho,5.87
1977,Lesotho,5.85
1978,Lesotho,5.82
1979,Lesotho,5.79
1980,Lesotho,5.75
1981,Lesotho,5.69
1982,Lesotho,5.63
1983,Lesotho,5.56
1984,Lesotho,5.48
1985,Lesotho,5.4
1986,Lesotho,5.32
1987,Lesotho,5.22
1988,Lesotho,5.1
1989,Lesotho,4.96
1990,Lesotho,4.81
1991,Lesotho,4.68
1992,Lesotho,4.54
1993,Lesotho,4.37
1994,Lesotho,4.21
1995,Lesotho,4.12
1996,Lesotho,4.06
1997,Lesotho,3.98
1998,Lesotho,3.81
1999,Lesotho,3.67
2000,Lesotho,3.6
2001,Lesotho,3.63
2002,Lesotho,3.68
2003,Lesotho,3.62
2004,Lesotho,3.51
2005,Lesotho,3.43
2006,Lesotho,3.41
2007,Lesotho,3.44
2008,Lesotho,3.39
2009,Lesotho,3.31
2010,Lesotho,3.25
2011,Lesotho,3.34
2012,Lesotho,3.3
2013,Lesotho,3.28
2014,Lesotho,3.24
2015,Lesotho,3.22
2016,Lesotho,3.18
2017,Lesotho,3.1
2018,Lesotho,3.02
2019,Lesotho,2.92
2020,Lesotho,2.85
2021,Lesotho,2.77
2022,Lesotho,2.72
2023,Lesotho,2.69
2024,Lesotho,2.66
1960,Turkmenistan,6.59
1961,Turkmenistan,6.69
1962,Turkmenistan,6.76
1963,Turkmenistan,6.79
1964,Turkmenistan,6.79
1965,Turkmenistan,6.76
1966,Turkmenistan,6.7
1967,Turkmenistan,6.63
1968,Turkmenistan,6.56
1969,Turkmenistan,6.48
1970,Turkmenistan,6.4
1971,Turkmenistan,6.32
1972,Turkmenistan,6.2
1973,Turkmenistan,6.15
1974,Turkmenistan,6.09
1975,Turkmenistan,6.0
1976,Turkmenistan,5.9
1977,Turkmenistan,5.77
1978,Turkmenistan,5.61
1979,Turkmenistan,5.46
1980,Turkmenistan,5.3
1981,Turkmenistan,5.16
1982,Turkmenistan,5.04
1983,Turkmenistan,4.97
1984,Turkmenistan,4.96
1985,Turkmenistan,4.97
1986,Turkmenistan,4.94
1987,Turkmenistan,4.84
1988,Turkmenistan,4.67
1989,Turkmenistan,4.46
1990,Turkmenistan,4.29
1991,Turkmenistan,4.14
1992,Turkmenistan,3.96
1993,Turkmenistan,3.78
1994,Turkmenistan,3.62
1995,Turkmenistan,3.49
1996,Turkmenistan,3.29
1997,Turkmenistan,3.18
1998,Turkmenistan,3.08
1999,Turkmenistan,2.98
2000,Turkmenistan,2.9
2001,Turkmenistan,2.81
2002,Turkmenistan,2.71
2003,Turkmenistan,2.67
2004,Turkmenistan,2.67
2005,Turkmenistan,2.71
2006,Turkmenistan,2.72
2007,Turkmenistan,2.73
2008,Turkmenistan,2.75
2009,Turkmenistan,2.79
2010,Turkmenistan,2.85
2011,Turkmenistan,2.9
2012,Turkmenistan,2.96
2013,Turkmenistan,3.01
2014,Turkmenistan,3.02
2015,Turkmenistan,3.03
2016,Turkmenistan,2.99
2017,Turkmenistan,2.93
2018,Turkmenistan,2.88
2019,Turkmenistan,2.83
2020,Turkmenistan,2.79
2021,Turkmenistan,2.75
2022,Turkmenistan,2.73
2023,Turkmenistan,2.69
2024,Turkmenistan,2.66
1960,Timor-Leste,6.32
1961,Timor-Leste,6.27
1962,Timor-Leste,6.22
1963,Timor-Leste,6.16
1964,Timor-Leste,6.08
1965,Timor-Leste,6.01
1966,Timor-Leste,5.93
1967,Timor-Leste,5.86
1968,Timor-Leste,5.79
1969,Timor-Leste,5.72
1970,Timor-Leste,5.66
1971,Timor-Leste,5.58
1972,Timor-Leste,5.49
1973,Timor-Leste,5.39
1974,Timor-Leste,5.29
1975,Timor-Leste,5.19
1976,Timor-Leste,5.12
1977,Timor-Leste,5.08
1978,Timor-Leste,5.09
1979,Timor-Leste,5.14
1980,Timor-Leste,5.22
1981,Timor-Leste,5.53
1982,Timor-Leste,5.55
1983,Timor-Leste,5.59
1984,Timor-Leste,5.61
1985,Timor-Leste,5.65
1986,Timor-Leste,5.67
1987,Timor-Leste,5.68
1988,Timor-Leste,5.72
1989,Timor-Leste,5.76
1990,Timor-Leste,5.81
1991,Timor-Leste,5.83
1992,Timor-Leste,5.87
1993,Timor-Leste,5.88
1994,Timor-Leste,5.91
1995,Timor-Leste,5.94
1996,Timor-Leste,5.94
1997,Timor-Leste,5.96
1998,Timor-Leste,5.96
1999,Timor-Leste,5.97
2000,Timor-Leste,5.93
2001,Timor-Leste,5.92
2002,Timor-Leste,5.9
2003,Timor-Leste,5.85
2004,Timor-Leste,5.74
2005,Timor-Leste,5.61
2006,Timor-Leste,5.47
2007,Timor-Leste,5.33
2008,Timor-Leste,5.17
2009,Timor-Leste,4.99
2010,Timor-Leste,4.82
2011,Timor-Leste,4.61
2012,Timor-Leste,4.4
2013,Timor-Leste,4.21
2014,Timor-Leste,4.0
2015,Timor-Leste,3.78
2016,Timor-Leste,3.58
2017,Timor-Leste,3.4
2018,Timor-Leste,3.24
2019,Timor-Leste,3.12
2020,Timor-Leste,3.01
2021,Timor-Leste,2.89
2022,Timor-Leste,2.8
2023,Timor-Leste,2.71
2024,Timor-Leste,2.63
1960,Djibouti,6.85
1961,Djibouti,6.85
1962,Djibouti,6.85
1963,Djibouti,6.86
1964,Djibouti,6.87
1965,Djibouti,6.86
1966,Djibouti,6.88
1967,Djibouti,6.87
1968,Djibouti,6.88
1969,Djibouti,6.88
1970,Djibouti,6.88
1971,Djibouti,6.88
1972,Djibouti,6.85
1973,Djibouti,6.82
1974,Djibouti,6.78
1975,Djibouti,6.74
1976,Djibouti,6.69
1977,Djibouti,6.64
1978,Djibouti,6.59
1979,Djibouti,6.52
1980,Djibouti,6.46
1981,Djibouti,6.4
1982,Djibouti,6.34
1983,Djibouti,6.3
1984,Djibouti,6.25
1985,Djibouti,6.19
1986,Djibouti,6.14
1987,Djibouti,6.09
1988,Djibouti,6.03
1989,Djibouti,5.97
1990,Djibouti,5.93
1991,Djibouti,5.86
1992,Djibouti,5.75
1993,Djibouti,5.64
1994,Djibouti,5.51
1995,Djibouti,5.33
1996,Djibouti,5.15
1997,Djibouti,4.97
1998,Djibouti,4.79
1999,Djibouti,4.69
2000,Djibouti,4.6
2001,Djibouti,4.52
2002,Djibouti,4.41
2003,Djibouti,4.3
2004,Djibouti,4.16
2005,Djibouti,4.04
2006,Djibouti,3.9
2007,Djibouti,3.76
2008,Djibouti,3.62
2009,Djibouti,3.52
2010,Djibouti,3.43
2011,Djibouti,3.34
2012,Djibouti,3.25
2013,Djibouti,3.19
2014,Djibouti,3.12
2015,Djibouti,3.04
2016,Djibouti,2.97
2017,Djibouti,2.92
2018,Djibouti,2.86
2019,Djibouti,2.8
2020,Djibouti,2.75
2021,Djibouti,2.7
2022,Djibouti,2.65
2023,Djibouti,2.61
2024,Djibouti,2.62
1960,Haiti,6.18
1961,Haiti,6.18
1962,Haiti,6.17
1963,Haiti,6.17
1964,Haiti,6.16
1965,Haiti,6.13
1966,Haiti,6.09
1967,Haiti,6.05
1968,Haiti,6.01
1969,Haiti,5.96
1970,Haiti,5.91
1971,Haiti,5.88
1972,Haiti,5.85
1973,Haiti,5.81
1974,Haiti,5.78
1975,Haiti,5.75
1976,Haiti,5.71
1977,Haiti,5.67
1978,Haiti,5.64
1979,Haiti,5.59
1980,Haiti,5.56
1981,Haiti,5.53
1982,Haiti,5.53
1983,Haiti,5.51
1984,Haiti,5.5
1985,Haiti,5.5
1986,Haiti,5.48
1987,Haiti,5.47
1988,Haiti,5.47
1989,Haiti,5.44
1990,Haiti,5.41
1991,Haiti,5.32
1992,Haiti,5.21
1993,Haiti,5.1
1994,Haiti,4.99
1995,Haiti,4.88
1996,Haiti,4.78
1997,Haiti,4.67
1998,Haiti,4.56
1999,Haiti,4.45
2000,Haiti,4.39
2001,Haiti,4.25
2002,Haiti,4.12
2003,Haiti,4.05
2004,Haiti,3.94
2005,Haiti,3.83
2006,Haiti,3.76
2007,Haiti,3.69
2008,Haiti,3.62
2009,Haiti,3.56
2010,Haiti,3.5
2011,Haiti,3.43
2012,Haiti,3.32
2013,Haiti,3.22
2014,Haiti,3.16
2015,Haiti,3.11
2016,Haiti,3.05
2017,Haiti,2.98
2018,Haiti,2.92
2019,Haiti,2.86
2020,Haiti,2.8
2021,Haiti,2.75
2022,Haiti,2.7
2023,Haiti,2.66
2024,Haiti,2.62
1960,Jordan,7.6
1961,Jordan,7.7
1962,Jordan,7.79
1963,Jordan,7.85
1964,Jordan,7.91
1965,Jordan,7.93
1966,Jordan,7.99
1967,Jordan,8.06
1968,Jordan,8.13
1969,Jordan,8.19
1970,Jordan,8.18
1971,Jordan,8.15
1972,Jordan,8.12
1973,Jordan,8.06
1974,Jordan,8.0
1975,Jordan,7.92
1976,Jordan,7.83
1977,Jordan,7.72
1978,Jordan,7.59
1979,Jordan,7.45
1980,Jordan,7.29
1981,Jordan,7.12
1982,Jordan,6.96
1983,Jordan,6.81
1984,Jordan,6.67
1985,Jordan,6.53
1986,Jordan,6.39
1987,Jordan,6.2
1988,Jordan,6.01
1989,Jordan,5.8
1990,Jordan,5.54
1991,Jordan,5.33
1992,Jordan,5.14
1993,Jordan,4.97
1994,Jordan,4.82
1995,Jordan,4.68
1996,Jordan,4.51
1997,Jordan,4.32
1998,Jordan,4.11
1999,Jordan,3.97
2000,Jordan,3.86
2001,Jordan,3.8
2002,Jordan,3.81
2003,Jordan,3.82
2004,Jordan,3.73
2005,Jordan,3.65
2006,Jordan,3.71
2007,Jordan,3.8
2008,Jordan,3.88
2009,Jordan,3.84
2010,Jordan,3.78
2011,Jordan,3.69
2012,Jordan,3.57
2013,Jordan,3.45
2014,Jordan,3.3
2015,Jordan,3.14
2016,Jordan,3.07
2017,Jordan,2.99
2018,Jordan,2.92
2019,Jordan,2.85
2020,Jordan,2.79
2021,Jordan,2.73
2022,Jordan,2.68
2023,Jordan,2.64
2024,Jordan,2.6
1960,Kyrgyzstan,5.31
1961,Kyrgyzstan,5.36
1962,Kyrgyzstan,5.42
1963,Kyrgyzstan,5.48
1964,Kyrgyzstan,5.43
1965,Kyrgyzstan,5.38
1966,Kyrgyzstan,5.32
1967,Kyrgyzstan,5.25
1968,Kyrgyzstan,5.18
1969,Kyrgyzstan,5.18
1970,Kyrgyzstan,5.2
1971,Kyrgyzstan,5.18
1972,Kyrgyzstan,5.14
1973,Kyrgyzstan,5.02
1974,Kyrgyzstan,4.89
1975,Kyrgyzstan,4.76
1976,Kyrgyzstan,4.68
1977,Kyrgyzstan,4.59
1978,Kyrgyzstan,4.53
1979,Kyrgyzstan,4.38
1980,Kyrgyzstan,4.22
1981,Kyrgyzstan,4.19
1982,Kyrgyzstan,4.2
1983,Kyrgyzstan,4.17
1984,Kyrgyzstan,4.2
1985,Kyrgyzstan,4.2
1986,Kyrgyzstan,4.22
1987,Kyrgyzstan,4.16
1988,Kyrgyzstan,4.03
1989,Kyrgyzstan,3.88
1990,Kyrgyzstan,3.63
1991,Kyrgyzstan,3.58
1992,Kyrgyzstan,3.52
1993,Kyrgyzstan,3.2
1994,Kyrgyzstan,2.9
1995,Kyrgyzstan,3.1
1996,Kyrgyzstan,2.8
1997,Kyrgyzstan,2.6
1998,Kyrgyzstan,2.7
1999,Kyrgyzstan,2.6
2000,Kyrgyzstan,2.4
2001,Kyrgyzstan,2.4
2002,Kyrgyzstan,2.4
2003,Kyrgyzstan,2.5
2004,Kyrgyzstan,2.6
2005,Kyrgyzstan,2.5
2006,Kyrgyzstan,2.7
2007,Kyrgyzstan,2.7
2008,Kyrgyzstan,2.8
2009,Kyrgyzstan,2.9
2010,Kyrgyzstan,3.1
2011,Kyrgyzstan,3.1
2012,Kyrgyzstan,3.2
2013,Kyrgyzstan,3.1
2014,Kyrgyzstan,3.2
2015,Kyrgyzstan,3.2
2016,Kyrgyzstan,3.1
2017,Kyrgyzstan,3.0
2018,Kyrgyzstan,3.3
2019,Kyrgyzstan,3.3
2020,Kyrgyzstan,3.1
2021,Kyrgyzstan,2.89
2022,Kyrgyzstan,2.8
2023,Kyrgyzstan,2.7
2024,Kyrgyzstan,2.6
1960,Cambodia,6.31
1961,Cambodia,6.3
1962,Cambodia,6.3
1963,Cambodia,6.29
1964,Cambodia,6.29
1965,Cambodia,6.27
1966,Cambodia,6.24
1967,Cambodia,6.2
1968,Cambodia,6.17
1969,Cambodia,6.12
1970,Cambodia,6.07
1971,Cambodia,6.01
1972,Cambodia,5.94
1973,Cambodia,5.56
1974,Cambodia,4.8
1975,Cambodia,4.1
1976,Cambodia,3.41
1977,Cambodia,2.72
1978,Cambodia,3.34
1979,Cambodia,4.56
1980,Cambodia,5.77
1981,Cambodia,6.04
1982,Cambodia,6.19
1983,Cambodia,6.3
1984,Cambodia,6.34
1985,Cambodia,6.31
1986,Cambodia,6.23
1987,Cambodia,6.1
1988,Cambodia,5.94
1989,Cambodia,5.68
1990,Cambodia,5.64
1991,Cambodia,5.59
1992,Cambodia,5.49
1993,Cambodia,5.43
1994,Cambodia,5.28
1995,Cambodia,5.08
1996,Cambodia,4.87
1997,Cambodia,4.39
1998,Cambodia,4.13
1999,Cambodia,3.93
2000,Cambodia,3.79
2001,Cambodia,3.69
2002,Cambodia,3.57
2003,Cambodia,3.43
2004,Cambodia,3.31
2005,Cambodia,3.24
2006,Cambodia,3.17
2007,Cambodia,3.13
2008,Cambodia,3.05
2009,Cambodia,2.97
2010,Cambodia,2.86
2011,Cambodia,2.78
2012,Cambodia,2.75
2013,Cambodia,2.74
2014,Cambodia,2.73
2015,Cambodia,2.73
2016,Cambodia,2.73
2017,Cambodia,2.72
2018,Cambodia,2.72
2019,Cambodia,2.73
2020,Cambodia,2.7
2021,Cambodia,2.66
2022,Cambodia,2.62
2023,Cambodia,2.58
2024,Cambodia,2.55
1960,Bolivia,6.27
1961,Bolivia,6.26
1962,Bolivia,6.25
1963,Bolivia,6.23
1964,Bolivia,6.21
1965,Bolivia,6.18
1966,Bolivia,6.16
1967,Bolivia,6.13
1968,Bolivia,6.1
1969,Bolivia,6.06
1970,Bolivia,6.0
1971,Bolivia,5.95
1972,Bolivia,5.88
1973,Bolivia,5.85
1974,Bolivia,5.8
1975,Bolivia,5.75
1976,Bolivia,5.74
1977,Bolivia,5.67
1978,Bolivia,5.61
1979,Bolivia,5.54
1980,Bolivia,5.47
1981,Bolivia,5.41
1982,Bolivia,5.35
1983,Bolivia,5.29
1984,Bolivia,5.24
1985,Bolivia,5.15
1986,Bolivia,5.12
1987,Bolivia,5.06
1988,Bolivia,5.03
1989,Bolivia,4.96
1990,Bolivia,4.9
1991,Bolivia,4.85
1992,Bolivia,4.71
1993,Bolivia,4.59
1994,Bolivia,4.49
1995,Bolivia,4.41
1996,Bolivia,4.34
1997,Bolivia,4.22
1998,Bolivia,4.15
1999,Bolivia,4.09
2000,Bolivia,3.99
2001,Bolivia,3.89
2002,Bolivia,3.8
2003,Bolivia,3.72
2004,Bolivia,3.63
2005,Bolivia,3.56
2006,Bolivia,3.53
2007,Bolivia,3.45
2008,Bolivia,3.36
2009,Bolivia,3.29
2010,Bolivia,3.21
2011,Bolivia,3.14
2012,Bolivia,3.08
2013,Bolivia,3.01
2014,Bolivia,2.95
2015,Bolivia,2.89
2016,Bolivia,2.83
2017,Bolivia,2.78
2018,Bolivia,2.73
2019,Bolivia,2.69
2020,Bolivia,2.65
2021,Bolivia,2.62
2022,Bolivia,2.58
2023,Bolivia,2.55
2024,Bolivia,2.52
1960,Oman,7.28
1961,Oman,7.29
1962,Oman,7.32
1963,Oman,7.33
1964,Oman,7.37
1965,Oman,7.39
1966,Oman,7.41
1967,Oman,7.44
1968,Oman,7.46
1969,Oman,7.49
1970,Oman,7.52
1971,Oman,7.56
1972,Oman,7.59
1973,Oman,7.62
1974,Oman,7.67
1975,Oman,7.71
1976,Oman,7.74
1977,Oman,7.78
1978,Oman,7.82
1979,Oman,7.85
1980,Oman,7.89
1981,Oman,7.9
1982,Oman,7.84
1983,Oman,7.75
1984,Oman,7.64
1985,Oman,7.51
1986,Oman,7.35
1987,Oman,7.17
1988,Oman,6.95
1989,Oman,6.72
1990,Oman,6.46
1991,Oman,6.2
1992,Oman,5.92
1993,Oman,5.64
1994,Oman,5.36
1995,Oman,5.07
1996,Oman,4.79
1997,Oman,4.52
1998,Oman,4.27
1999,Oman,4.06
2000,Oman,3.85
2001,Oman,3.66
2002,Oman,3.51
2003,Oman,3.37
2004,Oman,3.2
2005,Oman,3.03
2006,Oman,2.88
2007,Oman,2.76
2008,Oman,2.76
2009,Oman,2.83
2010,Oman,2.97
2011,Oman,2.96
2012,Oman,2.93
2013,Oman,2.95
2014,Oman,2.97
2015,Oman,2.96
2016,Oman,2.95
2017,Oman,2.92
2018,Oman,2.81
2019,Oman,2.7
2020,Oman,2.64
2021,Oman,2.59
2022,Oman,2.45
2023,Oman,2.52
2024,Oman,2.51
1960,Mongolia,6.82
1961,Mongolia,6.96
1962,Mongolia,7.1
1963,Mongolia,7.24
1964,Mongolia,7.33
1965,Mongolia,7.38
1966,Mongolia,7.41
1967,Mongolia,7.39
1968,Mongolia,7.37
1969,Mongolia,7.34
1970,Mongolia,7.31
1971,Mongolia,7.3
1972,Mongolia,7.28
1973,Mongolia,7.24
1974,Mongolia,7.17
1975,Mongolia,7.07
1976,Mongolia,6.93
1977,Mongolia,6.79
1978,Mongolia,6.62
1979,Mongolia,6.42
1980,Mongolia,6.21
1981,Mongolia,5.98
1982,Mongolia,5.8
1983,Mongolia,5.63
1984,Mongolia,5.45
1985,Mongolia,5.26
1986,Mongolia,5.03
1987,Mongolia,4.83
1988,Mongolia,4.65
1989,Mongolia,4.42
1990,Mongolia,4.5
1991,Mongolia,4.0
1992,Mongolia,3.5
1993,Mongolia,2.5
1994,Mongolia,2.7
1995,Mongolia,2.77
1996,Mongolia,2.5
1997,Mongolia,2.4
1998,Mongolia,2.3
1999,Mongolia,2.3
2000,Mongolia,2.2
2001,Mongolia,2.2
2002,Mongolia,2.1
2003,Mongolia,2.0
2004,Mongolia,2.0
2005,Mongolia,2.0
2006,Mongolia,2.1
2007,Mongolia,2.3
2008,Mongolia,2.6
2009,Mongolia,2.8
2010,Mongolia,2.4
2011,Mongolia,2.6
2012,Mongolia,2.7
2013,Mongolia,3.0
2014,Mongolia,3.1
2015,Mongolia,3.0
2016,Mongolia,3.0
2017,Mongolia,2.8
2018,Mongolia,2.9
2019,Mongolia,3.0
2020,Mongolia,2.9
2021,Mongolia,2.8
2022,Mongolia,2.7
2023,Mongolia,2.7
2024,Mongolia,2.5
1960,Honduras,7.46
1961,Honduras,7.45
1962,Honduras,7.44
1963,Honduras,7.44
1964,Honduras,7.44
1965,Honduras,7.44
1966,Honduras,7.41
1967,Honduras,7.36
1968,Honduras,7.29
1969,Honduras,7.23
1970,Honduras,7.17
1971,Honduras,7.11
1972,Honduras,7.06
1973,Honduras,6.99
1974,Honduras,6.91
1975,Honduras,6.87
1976,Honduras,6.81
1977,Honduras,6.73
1978,Honduras,6.63
1979,Honduras,6.53
1980,Honduras,6.42
1981,Honduras,6.3
1982,Honduras,6.18
1983,Honduras,6.06
1984,Honduras,5.93
1985,Honduras,5.82
1986,Honduras,5.7
1987,Honduras,5.58
1988,Honduras,5.47
1989,Honduras,5.35
1990,Honduras,5.27
1991,Honduras,5.19
1992,Honduras,5.11
1993,Honduras,5.03
1994,Honduras,4.93
1995,Honduras,4.83
1996,Honduras,4.71
1997,Honduras,4.59
1998,Honduras,4.47
1999,Honduras,4.37
2000,Honduras,4.29
2001,Honduras,4.15
2002,Honduras,4.0
2003,Honduras,3.84
2004,Honduras,3.71
2005,Honduras,3.58
2006,Honduras,3.45
2007,Honduras,3.35
2008,Honduras,3.26
2009,Honduras,3.17
2010,Honduras,3.08
2011,Honduras,3.0
2012,Honduras,2.93
2013,Honduras,2.85
2014,Honduras,2.79
2015,Honduras,2.75
2016,Honduras,2.7
2017,Honduras,2.66
2018,Honduras,2.65
2019,Honduras,2.61
2020,Honduras,2.58
2021,Honduras,2.55
2022,Honduras,2.52
2023,Honduras,2.5
2024,Honduras,2.48
1960,Paraguay,6.5
1961,Paraguay,6.49
1962,Paraguay,6.47
1963,Paraguay,6.45
1964,Paraguay,6.42
1965,Paraguay,6.34
1966,Paraguay,6.23
1967,Paraguay,6.1
1968,Paraguay,5.97
1969,Paraguay,5.84
1970,Paraguay,5.72
1971,Paraguay,5.59
1972,Paraguay,5.46
1973,Paraguay,5.35
1974,Paraguay,5.27
1975,Paraguay,5.18
1976,Paraguay,5.12
1977,Paraguay,5.08
1978,Paraguay,5.04
1979,Paraguay,5.06
1980,Paraguay,5.1
1981,Paraguay,5.15
1982,Paraguay,5.13
1983,Paraguay,5.09
1984,Paraguay,5.04
1985,Paraguay,4.97
1986,Paraguay,4.93
1987,Paraguay,4.85
1988,Paraguay,4.77
1989,Paraguay,4.68
1990,Paraguay,4.57
1991,Paraguay,4.48
1992,Paraguay,4.4
1993,Paraguay,4.28
1994,Paraguay,4.2
1995,Paraguay,4.11
1996,Paraguay,4.01
1997,Paraguay,3.91
1998,Paraguay,3.8
1999,Paraguay,3.67
2000,Paraguay,3.51
2001,Paraguay,3.36
2002,Paraguay,3.23
2003,Paraguay,3.12
2004,Paraguay,3.05
2005,Paraguay,2.97
2006,Paraguay,2.89
2007,Paraguay,2.82
2008,Paraguay,2.79
2009,Paraguay,2.76
2010,Paraguay,2.69
2011,Paraguay,2.67
2012,Paraguay,2.66
2013,Paraguay,2.64
2014,Paraguay,2.65
2015,Paraguay,2.65
2016,Paraguay,2.62
2017,Paraguay,2.59
2018,Paraguay,2.56
2019,Paraguay,2.52
2020,Paraguay,2.5
2021,Paraguay,2.47
2022,Paraguay,2.44
2023,Paraguay,2.42
2024,Paraguay,2.42
1960,Laos,6.29
1961,Laos,6.31
1962,Laos,6.31
1963,Laos,6.32
1964,Laos,6.31
1965,Laos,6.32
1966,Laos,6.31
1967,Laos,6.31
1968,Laos,6.3
1969,Laos,6.3
1970,Laos,6.31
1971,Laos,6.29
1972,Laos,6.28
1973,Laos,6.28
1974,Laos,6.29
1975,Laos,6.29
1976,Laos,6.29
1977,Laos,6.29
1978,Laos,6.3
1979,Laos,6.31
1980,Laos,6.33
1981,Laos,6.35
1982,Laos,6.37
1983,Laos,6.38
1984,Laos,6.37
1985,Laos,6.33
1986,Laos,6.25
1987,Laos,6.21
1988,Laos,6.16
1989,Laos,6.1
1990,Laos,6.06
1991,Laos,5.99
1992,Laos,5.9
1993,Laos,5.8
1994,Laos,5.6
1995,Laos,5.36
1996,Laos,5.15
1997,Laos,4.96
1998,Laos,4.79
1999,Laos,4.64
2000,Laos,4.43
2001,Laos,4.29
2002,Laos,4.13
2003,Laos,4.02
2004,Laos,3.9
2005,Laos,3.69
2006,Laos,3.56
2007,Laos,3.44
2008,Laos,3.33
2009,Laos,3.23
2010,Laos,3.14
2011,Laos,3.05
2012,Laos,2.95
2013,Laos,2.87
2014,Laos,2.8
2015,Laos,2.8
2016,Laos,2.74
2017,Laos,2.69
2018,Laos,2.63
2019,Laos,2.59
2020,Laos,2.54
2021,Laos,2.49
2022,Laos,2.46
2023,Laos,2.42
2024,Laos,2.4
1960,Saudi Arabia,7.63
1961,Saudi Arabia,7.63
1962,Saudi Arabia,7.64
1963,Saudi Arabia,7.65
1964,Saudi Arabia,7.67
1965,Saudi Arabia,7.66
1966,Saudi Arabia,7.66
1967,Saudi Arabia,7.66
1968,Saudi Arabia,7.63
1969,Saudi Arabia,7.6
1970,Saudi Arabia,7.58
1971,Saudi Arabia,7.56
1972,Saudi Arabia,7.54
1973,Saudi Arabia,7.48
1974,Saudi Arabia,7.43
1975,Saudi Arabia,7.37
1976,Saudi Arabia,7.33
1977,Saudi Arabia,7.29
1978,Saudi Arabia,7.26
1979,Saudi Arabia,7.23
1980,Saudi Arabia,7.14
1981,Saudi Arabia,7.07
1982,Saudi Arabia,6.98
1983,Saudi Arabia,6.88
1984,Saudi Arabia,6.78
1985,Saudi Arabia,6.65
1986,Saudi Arabia,6.52
1987,Saudi Arabia,6.34
1988,Saudi Arabia,6.15
1989,Saudi Arabia,5.97
1990,Saudi Arabia,5.8
1991,Saudi Arabia,5.64
1992,Saudi Arabia,5.49
1993,Saudi Arabia,5.33
1994,Saudi Arabia,5.16
1995,Saudi Arabia,4.99
1996,Saudi Arabia,4.81
1997,Saudi Arabia,4.66
1998,Saudi Arabia,4.52
1999,Saudi Arabia,4.35
2000,Saudi Arabia,4.21
2001,Saudi Arabia,3.96
2002,Saudi Arabia,3.71
2003,Saudi Arabia,3.46
2004,Saudi Arabia,3.26
2005,Saudi Arabia,3.16
2006,Saudi Arabia,3.18
2007,Saudi Arabia,3.19
2008,Saudi Arabia,3.07
2009,Saudi Arabia,2.95
2010,Saudi Arabia,2.81
2011,Saudi Arabia,2.8
2012,Saudi Arabia,2.78
2013,Saudi Arabia,2.67
2014,Saudi Arabia,2.68
2015,Saudi Arabia,2.63
2016,Saudi Arabia,2.65
2017,Saudi Arabia,2.67
2018,Saudi Arabia,2.67
2019,Saudi Arabia,2.49
2020,Saudi Arabia,2.27
2021,Saudi Arabia,2.17
2022,Saudi Arabia,2.14
2023,Saudi Arabia,2.28
2024,Saudi Arabia,2.31
1960,Libya,7.51
1961,Libya,7.56
1962,Libya,7.61
1963,Libya,7.68
1964,Libya,7.75
1965,Libya,7.82
1966,Libya,7.89
1967,Libya,7.93
1968,Libya,7.97
1969,Libya,8.01
1970,Libya,8.05
1971,Libya,8.1
1972,Libya,8.07
1973,Libya,8.05
1974,Libya,8.02
1975,Libya,7.98
1976,Libya,7.93
1977,Libya,7.87
1978,Libya,7.79
1979,Libya,7.68
1980,Libya,7.54
1981,Libya,7.37
1982,Libya,7.16
1983,Libya,6.91
1984,Libya,6.62
1985,Libya,6.33
1986,Libya,6.02
1987,Libya,5.72
1988,Libya,5.41
1989,Libya,5.09
1990,Libya,4.78
1991,Libya,4.46
1992,Libya,4.16
1993,Libya,3.88
1994,Libya,3.65
1995,Libya,3.44
1996,Libya,3.26
1997,Libya,3.13
1998,Libya,3.04
1999,Libya,2.97
2000,Libya,2.91
2001,Libya,2.87
2002,Libya,2.83
2003,Libya,2.8
2004,Libya,2.77
2005,Libya,2.77
2006,Libya,2.7
2007,Libya,2.65
2008,Libya,2.6
2009,Libya,2.56
2010,Libya,2.6
2011,Libya,2.65
2012,Libya,2.68
2013,Libya,2.72
2014,Libya,2.75
2015,Libya,2.71
2016,Libya,2.67
2017,Libya,2.63
2018,Libya,2.58
2019,Libya,2.54
2020,Libya,2.51
2021,Libya,2.46
2022,Libya,2.4
2023,Libya,2.35
2024,Libya,2.3
1960,Guatemala,7.0
1961,Guatemala,6.98
1962,Guatemala,6.93
1963,Guatemala,6.9
1964,Guatemala,6.87
1965,Guatemala,6.84
1966,Guatemala,6.8
1967,Guatemala,6.75
1968,Guatemala,6.7
1969,Guatemala,6.65
1970,Guatemala,6.6
1971,Guatemala,6.55
1972,Guatemala,6.51
1973,Guatemala,6.49
1974,Guatemala,6.46
1975,Guatemala,6.41
1976,Guatemala,6.37
1977,Guatemala,6.32
1978,Guatemala,6.26
1979,Guatemala,6.22
1980,Guatemala,6.17
1981,Guatemala,6.12
1982,Guatemala,6.06
1983,Guatemala,5.98
1984,Guatemala,5.86
1985,Guatemala,5.73
1986,Guatemala,5.66
1987,Guatemala,5.64
1988,Guatemala,5.62
1989,Guatemala,5.56
1990,Guatemala,5.48
1991,Guatemala,5.38
1992,Guatemala,5.31
1993,Guatemala,5.25
1994,Guatemala,5.19
1995,Guatemala,5.11
1996,Guatemala,5.01
1997,Guatemala,4.91
1998,Guatemala,4.8
1999,Guatemala,4.69
2000,Guatemala,4.58
2001,Guatemala,4.5
2002,Guatemala,4.37
2003,Guatemala,4.25
2004,Guatemala,4.13
2005,Guatemala,3.97
2006,Guatemala,3.85
2007,Guatemala,3.72
2008,Guatemala,3.57
2009,Guatemala,3.46
2010,Guatemala,3.38
2011,Guatemala,3.29
2012,Guatemala,3.22
2013,Guatemala,3.15
2014,Guatemala,3.09
2015,Guatemala,3.03
2016,Guatemala,2.97
2017,Guatemala,2.86
2018,Guatemala,2.74
2019,Guatemala,2.59
2020,Guatemala,2.47
2021,Guatemala,2.39
2022,Guatemala,2.34
2023,Guatemala,2.31
2024,Guatemala,2.29
1960,Lebanon,5.88
1961,Lebanon,5.89
1962,Lebanon,5.9
1963,Lebanon,5.91
1964,Lebanon,5.85
1965,Lebanon,5.77
1966,Lebanon,5.68
1967,Lebanon,5.57
1968,Lebanon,5.45
1969,Lebanon,5.32
1970,Lebanon,5.19
1971,Lebanon,5.05
1972,Lebanon,4.91
1973,Lebanon,4.79
1974,Lebanon,4.65
1975,Lebanon,4.52
1976,Lebanon,4.39
1977,Lebanon,4.28
1978,Lebanon,4.18
1979,Lebanon,4.08
1980,Lebanon,4.01
1981,Lebanon,3.95
1982,Lebanon,3.85
1983,Lebanon,3.73
1984,Lebanon,3.66
1985,Lebanon,3.53
1986,Lebanon,3.47
1987,Lebanon,3.42
1988,Lebanon,3.39
1989,Lebanon,3.36
1990,Lebanon,3.27
1991,Lebanon,3.16
1992,Lebanon,3.05
1993,Lebanon,2.94
1994,Lebanon,2.82
1995,Lebanon,2.73
1996,Lebanon,2.7
1997,Lebanon,2.67
1998,Lebanon,2.65
1999,Lebanon,2.63
2000,Lebanon,2.6
2001,Lebanon,2.58
2002,Lebanon,2.52
2003,Lebanon,2.46
2004,Lebanon,2.38
2005,Lebanon,2.29
2006,Lebanon,2.24
2007,Lebanon,2.2
2008,Lebanon,2.17
2009,Lebanon,2.19
2010,Lebanon,2.26
2011,Lebanon,2.32
2012,Lebanon,2.35
2013,Lebanon,2.36
2014,Lebanon,2.38
2015,Lebanon,2.38
2016,Lebanon,2.39
2017,Lebanon,2.37
2018,Lebanon,2.35
2019,Lebanon,2.33
2020,Lebanon,2.31
2021,Lebanon,2.28
2022,Lebanon,2.26
2023,Lebanon,2.24
2024,Lebanon,2.23
1960,Dominican Rep.,7.55
1961,Dominican Rep.,7.49
1962,Dominican Rep.,7.4
1963,Dominican Rep.,7.3
1964,Dominican Rep.,7.19
1965,Dominican Rep.,7.05
1966,Dominican Rep.,6.95
1967,Dominican Rep.,6.75
1968,Dominican Rep.,6.55
1969,Dominican Rep.,6.37
1970,Dominican Rep.,6.18
1971,Dominican Rep.,6.01
1972,Dominican Rep.,5.84
1973,Dominican Rep.,5.67
1974,Dominican Rep.,5.44
1975,Dominican Rep.,5.24
1976,Dominican Rep.,5.05
1977,Dominican Rep.,4.84
1978,Dominican Rep.,4.64
1979,Dominican Rep.,4.47
1980,Dominican Rep.,4.3
1981,Dominican Rep.,4.15
1982,Dominican Rep.,4.01
1983,Dominican Rep.,3.95
1984,Dominican Rep.,3.82
1985,Dominican Rep.,3.69
1986,Dominican Rep.,3.6
1987,Dominican Rep.,3.53
1988,Dominican Rep.,3.5
1989,Dominican Rep.,3.48
1990,Dominican Rep.,3.41
1991,Dominican Rep.,3.35
1992,Dominican Rep.,3.29
1993,Dominican Rep.,3.23
1994,Dominican Rep.,3.16
1995,Dominican Rep.,3.1
1996,Dominican Rep.,3.04
1997,Dominican Rep.,2.92
1998,Dominican Rep.,2.83
1999,Dominican Rep.,2.85
2000,Dominican Rep.,2.87
2001,Dominican Rep.,2.83
2002,Dominican Rep.,2.76
2003,Dominican Rep.,2.7
2004,Dominican Rep.,2.64
2005,Dominican Rep.,2.57
2006,Dominican Rep.,2.51
2007,Dominican Rep.,2.51
2008,Dominican Rep.,2.55
2009,Dominican Rep.,2.57
2010,Dominican Rep.,2.56
2011,Dominican Rep.,2.53
2012,Dominican Rep.,2.5
2013,Dominican Rep.,2.47
2014,Dominican Rep.,2.45
2015,Dominican Rep.,2.43
2016,Dominican Rep.,2.41
2017,Dominican Rep.,2.4
2018,Dominican Rep.,2.4
2019,Dominican Rep.,2.37
2020,Dominican Rep.,2.33
2021,Dominican Rep.,2.29
2022,Dominican Rep.,2.27
2023,Dominican Rep.,2.24
2024,Dominican Rep.,2.22
1960,Morocco,6.89
1961,Morocco,6.97
1962,Morocco,7.05
1963,Morocco,7.01
1964,Morocco,6.97
1965,Morocco,6.93
1966,Morocco,6.89
1967,Morocco,6.84
1968,Morocco,6.79
1969,Morocco,6.73
1970,Morocco,6.68
1971,Morocco,6.62
1972,Morocco,6.54
1973,Morocco,6.48
1974,Morocco,6.4
1975,Morocco,6.3
1976,Morocco,6.17
1977,Morocco,6.04
1978,Morocco,5.91
1979,Morocco,5.85
1980,Morocco,5.78
1981,Morocco,5.71
1982,Morocco,5.6
1983,Morocco,5.41
1984,Morocco,5.2
1985,Morocco,4.99
1986,Morocco,4.77
1987,Morocco,4.58
1988,Morocco,4.39
1989,Morocco,4.22
1990,Morocco,4.06
1991,Morocco,3.95
1992,Morocco,3.76
1993,Morocco,3.55
1994,Morocco,3.41
1995,Morocco,3.29
1996,Morocco,3.23
1997,Morocco,3.15
1998,Morocco,3.04
1999,Morocco,2.88
2000,Morocco,2.77
2001,Morocco,2.69
2002,Morocco,2.62
2003,Morocco,2.61
2004,Morocco,2.61
2005,Morocco,2.61
2006,Morocco,2.61
2007,Morocco,2.62
2008,Morocco,2.61
2009,Morocco,2.62
2010,Morocco,2.63
2011,Morocco,2.6
2012,Morocco,2.54
2013,Morocco,2.48
2014,Morocco,2.42
2015,Morocco,2.41
2016,Morocco,2.4
2017,Morocco,2.38
2018,Morocco,2.35
2019,Morocco,2.34
2020,Morocco,2.32
2021,Morocco,2.29
2022,Morocco,2.26
2023,Morocco,2.23
2024,Morocco,2.21
1960,Nicaragua,7.16
1961,Nicaragua,7.11
1962,Nicaragua,7.1
1963,Nicaragua,7.08
1964,Nicaragua,7.06
1965,Nicaragua,7.03
1966,Nicaragua,6.99
1967,Nicaragua,6.94
1968,Nicaragua,6.88
1969,Nicaragua,6.83
1970,Nicaragua,6.77
1971,Nicaragua,6.71
1972,Nicaragua,6.65
1973,Nicaragua,6.59
1974,Nicaragua,6.52
1975,Nicaragua,6.45
1976,Nicaragua,6.37
1977,Nicaragua,6.28
1978,Nicaragua,6.16
1979,Nicaragua,6.07
1980,Nicaragua,5.96
1981,Nicaragua,5.84
1982,Nicaragua,5.74
1983,Nicaragua,5.61
1984,Nicaragua,5.49
1985,Nicaragua,5.36
1986,Nicaragua,5.22
1987,Nicaragua,5.07
1988,Nicaragua,4.93
1989,Nicaragua,4.76
1990,Nicaragua,4.6
1991,Nicaragua,4.43
1992,Nicaragua,4.27
1993,Nicaragua,4.1
1994,Nicaragua,3.94
1995,Nicaragua,3.77
1996,Nicaragua,3.62
1997,Nicaragua,3.47
1998,Nicaragua,3.34
1999,Nicaragua,3.22
2000,Nicaragua,3.12
2001,Nicaragua,3.0
2002,Nicaragua,2.89
2003,Nicaragua,2.83
2004,Nicaragua,2.78
2005,Nicaragua,2.77
2006,Nicaragua,2.73
2007,Nicaragua,2.7
2008,Nicaragua,2.66
2009,Nicaragua,2.63
2010,Nicaragua,2.6
2011,Nicaragua,2.56
2012,Nicaragua,2.53
2013,Nicaragua,2.49
2014,Nicaragua,2.46
2015,Nicaragua,2.43
2016,Nicaragua,2.41
2017,Nicaragua,2.38
2018,Nicaragua,2.35
2019,Nicaragua,2.32
2020,Nicaragua,2.3
2021,Nicaragua,2.27
2022,Nicaragua,2.24
2023,Nicaragua,2.22
2024,Nicaragua,2.21
1960,South Africa,6.11
1961,South Africa,6.08
1962,South Africa,6.05
1963,South Africa,6.01
1964,South Africa,5.96
1965,South Africa,5.89
1966,South Africa,5.91
1967,South Africa,5.85
1968,South Africa,5.78
1969,South Africa,5.72
1970,South Africa,5.63
1971,South Africa,5.57
1972,South Africa,5.49
1973,South Africa,5.41
1974,South Africa,5.3
1975,South Africa,5.19
1976,South Africa,5.07
1977,South Africa,4.94
1978,South Africa,4.85
1979,South Africa,4.82
1980,South Africa,4.78
1981,South Africa,4.71
1982,South Africa,4.7
1983,South Africa,4.63
1984,South Africa,4.57
1985,South Africa,4.5
1986,South Africa,4.41
1987,South Africa,4.35
1988,South Africa,4.18
1989,South Africa,3.98
1990,South Africa,3.72
1991,South Africa,3.62
1992,South Africa,3.48
1993,South Africa,3.37
1994,South Africa,3.26
1995,South Africa,3.17
1996,South Africa,2.99
1997,South Africa,2.73
1998,South Africa,2.63
1999,South Africa,2.56
2000,South Africa,2.41
2001,South Africa,2.37
2002,South Africa,2.32
2003,South Africa,2.36
2004,South Africa,2.44
2005,South Africa,2.51
2006,South Africa,2.55
2007,South Africa,2.54
2008,South Africa,2.68
2009,South Africa,2.5
2010,South Africa,2.44
2011,South Africa,2.44
2012,South Africa,2.45
2013,South Africa,2.43
2014,South Africa,2.42
2015,South Africa,2.36
2016,South Africa,2.26
2017,South Africa,2.28
2018,South Africa,2.27
2019,South Africa,2.26
2020,South Africa,2.26
2021,South Africa,2.25
2022,South Africa,2.23
2023,South Africa,2.22
2024,South Africa,2.21
1960,Bangladesh,6.74
1961,Bangladesh,6.78
1962,Bangladesh,6.81
1963,Bangladesh,6.8
1964,Bangladesh,6.79
1965,Bangladesh,6.77
1966,Bangladesh,6.77
1967,Bangladesh,6.79
1968,Bangladesh,6.79
1969,Bangladesh,6.81
1970,Bangladesh,6.84
1971,Bangladesh,6.83
1972,Bangladesh,6.82
1973,Bangladesh,6.8
1974,Bangladesh,6.78
1975,Bangladesh,6.73
1976,Bangladesh,6.66
1977,Bangladesh,6.58
1978,Bangladesh,6.51
1979,Bangladesh,6.42
1980,Bangladesh,6.33
1981,Bangladesh,6.24
1982,Bangladesh,6.12
1983,Bangladesh,5.91
1984,Bangladesh,5.73
1985,Bangladesh,5.54
1986,Bangladesh,5.3
1987,Bangladesh,5.08
1988,Bangladesh,4.85
1989,Bangladesh,4.7
1990,Bangladesh,4.51
1991,Bangladesh,4.26
1992,Bangladesh,4.03
1993,Bangladesh,3.83
1994,Bangladesh,3.74
1995,Bangladesh,3.59
1996,Bangladesh,3.5
1997,Bangladesh,3.5
1998,Bangladesh,3.43
1999,Bangladesh,3.36
2000,Bangladesh,3.28
2001,Bangladesh,3.2
2002,Bangladesh,3.13
2003,Bangladesh,3.03
2004,Bangladesh,2.94
2005,Bangladesh,2.85
2006,Bangladesh,2.75
2007,Bangladesh,2.67
2008,Bangladesh,2.58
2009,Bangladesh,2.48
2010,Bangladesh,2.38
2011,Bangladesh,2.31
2012,Bangladesh,2.26
2013,Bangladesh,2.25
2014,Bangladesh,2.23
2015,Bangladesh,2.23
2016,Bangladesh,2.23
2017,Bangladesh,2.21
2018,Bangladesh,2.19
2019,Bangladesh,2.18
2020,Bangladesh,2.17
2021,Bangladesh,2.17
2022,Bangladesh,2.18
2023,Bangladesh,2.16
2024,Bangladesh,2.14
1960,Indonesia,5.5
1961,Indonesia,5.52
1962,Indonesia,5.53
1963,Indonesia,5.55
1964,Indonesia,5.57
1965,Indonesia,5.59
1966,Indonesia,5.59
1967,Indonesia,5.58
1968,Indonesia,5.57
1969,Indonesia,5.55
1970,Indonesia,5.49
1971,Indonesia,5.4
1972,Indonesia,5.32
1973,Indonesia,5.25
1974,Indonesia,5.09
1975,Indonesia,5.03
1976,Indonesia,4.92
1977,Indonesia,4.81
1978,Indonesia,4.73
1979,Indonesia,4.62
1980,Indonesia,4.5
1981,Indonesia,4.36
1982,Indonesia,4.25
1983,Indonesia,4.11
1984,Indonesia,3.96
1985,Indonesia,3.73
1986,Indonesia,3.53
1987,Indonesia,3.42
1988,Indonesia,3.35
1989,Indonesia,3.25
1990,Indonesia,3.11
1991,Indonesia,3.06
1992,Indonesia,2.95
1993,Indonesia,2.9
1994,Indonesia,2.85
1995,Indonesia,2.81
1996,Indonesia,2.78
1997,Indonesia,2.74
1998,Indonesia,2.66
1999,Indonesia,2.57
2000,Indonesia,2.5
2001,Indonesia,2.47
2002,Indonesia,2.44
2003,Indonesia,2.41
2004,Indonesia,2.42
2005,Indonesia,2.45
2006,Indonesia,2.46
2007,Indonesia,2.48
2008,Indonesia,2.44
2009,Indonesia,2.44
2010,Indonesia,2.46
2011,Indonesia,2.52
2012,Indonesia,2.51
2013,Indonesia,2.44
2014,Indonesia,2.39
2015,Indonesia,2.35
2016,Indonesia,2.31
2017,Indonesia,2.25
2018,Indonesia,2.22
2019,Indonesia,2.21
2020,Indonesia,2.19
2021,Indonesia,2.17
2022,Indonesia,2.15
2023,Indonesia,2.13
2024,Indonesia,2.12
1960,Panama,5.83
1961,Panama,5.87
1962,Panama,5.87
1963,Panama,5.87
1964,Panama,5.81
1965,Panama,5.73
1966,Panama,5.65
1967,Panama,5.53
1968,Panama,5.41
1969,Panama,5.29
1970,Panama,5.17
1971,Panama,5.05
1972,Panama,4.91
1973,Panama,4.74
1974,Panama,4.58
1975,Panama,4.41
1976,Panama,4.26
1977,Panama,4.12
1978,Panama,3.98
1979,Panama,3.88
1980,Panama,3.8
1981,Panama,3.72
1982,Panama,3.66
1983,Panama,3.6
1984,Panama,3.52
1985,Panama,3.43
1986,Panama,3.34
1987,Panama,3.25
1988,Panama,3.17
1989,Panama,3.12
1990,Panama,3.07
1991,Panama,3.0
1992,Panama,2.95
1993,Panama,2.91
1994,Panama,2.88
1995,Panama,2.85
1996,Panama,2.83
1997,Panama,2.81
1998,Panama,2.79
1999,Panama,2.77
2000,Panama,2.74
2001,Panama,2.72
2002,Panama,2.7
2003,Panama,2.68
2004,Panama,2.68
2005,Panama,2.64
2006,Panama,2.62
2007,Panama,2.61
2008,Panama,2.61
2009,Panama,2.59
2010,Panama,2.59
2011,Panama,2.6
2012,Panama,2.59
2013,Panama,2.57
2014,Panama,2.55
2015,Panama,2.53
2016,Panama,2.5
2017,Panama,2.46
2018,Panama,2.4
2019,Panama,2.29
2020,Panama,2.18
2021,Panama,2.15
2022,Panama,2.14
2023,Panama,2.12
2024,Panama,2.11
1960,Myanmar,5.9
1961,Myanmar,5.9
1962,Myanmar,5.9
1963,Myanmar,5.91
1964,Myanmar,5.91
1965,Myanmar,5.91
1966,Myanmar,5.88
1967,Myanmar,5.84
1968,Myanmar,5.8
1969,Myanmar,5.75
1970,Myanmar,5.68
1971,Myanmar,5.62
1972,Myanmar,5.53
1973,Myanmar,5.43
1974,Myanmar,5.34
1975,Myanmar,5.25
1976,Myanmar,5.16
1977,Myanmar,5.07
1978,Myanmar,4.99
1979,Myanmar,4.9
1980,Myanmar,4.79
1981,Myanmar,4.69
1982,Myanmar,4.66
1983,Myanmar,4.63
1984,Myanmar,4.52
1985,Myanmar,4.32
1986,Myanmar,4.08
1987,Myanmar,3.86
1988,Myanmar,3.67
1989,Myanmar,3.59
1990,Myanmar,3.5
1991,Myanmar,3.43
1992,Myanmar,3.35
1993,Myanmar,3.28
1994,Myanmar,3.2
1995,Myanmar,3.13
1996,Myanmar,3.06
1997,Myanmar,2.98
1998,Myanmar,2.91
1999,Myanmar,2.85
2000,Myanmar,2.81
2001,Myanmar,2.79
2002,Myanmar,2.77
2003,Myanmar,2.68
2004,Myanmar,2.59
2005,Myanmar,2.52
2006,Myanmar,2.47
2007,Myanmar,2.45
2008,Myanmar,2.4
2009,Myanmar,2.37
2010,Myanmar,2.33
2011,Myanmar,2.31
2012,Myanmar,2.28
2013,Myanmar,2.26
2014,Myanmar,2.25
2015,Myanmar,2.27
2016,Myanmar,2.27
2017,Myanmar,2.25
2018,Myanmar,2.23
2019,Myanmar,2.21
2020,Myanmar,2.18
2021,Myanmar,2.16
2022,Myanmar,2.13
2023,Myanmar,2.12
2024,Myanmar,2.1
1960,Venezuela,6.38
1961,Venezuela,6.3
1962,Venezuela,6.23
1963,Venezuela,6.16
1964,Venezuela,6.07
1965,Venezuela,5.98
1966,Venezuela,5.87
1967,Venezuela,5.75
1968,Venezuela,5.61
1969,Venezuela,5.47
1970,Venezuela,5.32
1971,Venezuela,5.17
1972,Venezuela,5.04
1973,Venezuela,4.91
1974,Venezuela,4.79
1975,Venezuela,4.69
1976,Venezuela,4.59
1977,Venezuela,4.49
1978,Venezuela,4.4
1979,Venezuela,4.3
1980,Venezuela,4.2
1981,Venezuela,4.1
1982,Venezuela,4.01
1983,Venezuela,3.93
1984,Venezuela,3.86
1985,Venezuela,3.79
1986,Venezuela,3.73
1987,Venezuela,3.67
1988,Venezuela,3.6
1989,Venezuela,3.52
1990,Venezuela,3.45
1991,Venezuela,3.37
1992,Venezuela,3.29
1993,Venezuela,3.22
1994,Venezuela,3.15
1995,Venezuela,3.08
1996,Venezuela,3.02
1997,Venezuela,2.97
1998,Venezuela,2.91
1999,Venezuela,2.86
2000,Venezuela,2.79
2001,Venezuela,2.78
2002,Venezuela,2.74
2003,Venezuela,2.7
2004,Venezuela,2.64
2005,Venezuela,2.63
2006,Venezuela,2.6
2007,Venezuela,2.52
2008,Venezuela,2.48
2009,Venezuela,2.42
2010,Venezuela,2.4
2011,Venezuela,2.4
2012,Venezuela,2.38
2013,Venezuela,2.33
2014,Venezuela,2.3
2015,Venezuela,2.25
2016,Venezuela,2.22
2017,Venezuela,2.18
2018,Venezuela,2.15
2019,Venezuela,2.13
2020,Venezuela,2.12
2021,Venezuela,2.1
2022,Venezuela,2.09
2023,Venezuela,2.08
2024,Venezuela,2.08
1960,Peru,6.94
1961,Peru,6.92
1962,Peru,6.89
1963,Peru,6.86
1964,Peru,6.81
1965,Peru,6.75
1966,Peru,6.68
1967,Peru,6.6
1968,Peru,6.51
1969,Peru,6.42
1970,Peru,6.32
1971,Peru,6.21
1972,Peru,6.09
1973,Peru,5.97
1974,Peru,5.84
1975,Peru,5.71
1976,Peru,5.58
1977,Peru,5.44
1978,Peru,5.3
1979,Peru,5.17
1980,Peru,5.04
1981,Peru,4.92
1982,Peru,4.79
1983,Peru,4.68
1984,Peru,4.57
1985,Peru,4.46
1986,Peru,4.35
1987,Peru,4.25
1988,Peru,4.14
1989,Peru,4.03
1990,Peru,3.91
1991,Peru,3.79
1992,Peru,3.67
1993,Peru,3.55
1994,Peru,3.43
1995,Peru,3.31
1996,Peru,3.2
1997,Peru,3.1
1998,Peru,3.0
1999,Peru,2.92
2000,Peru,2.85
2001,Peru,2.74
2002,Peru,2.69
2003,Peru,2.66
2004,Peru,2.67
2005,Peru,2.64
2006,Peru,2.62
2007,Peru,2.58
2008,Peru,2.53
2009,Peru,2.48
2010,Peru,2.42
2011,Peru,2.41
2012,Peru,2.36
2013,Peru,2.32
2014,Peru,2.27
2015,Peru,2.23
2016,Peru,2.19
2017,Peru,2.15
2018,Peru,2.12
2019,Peru,2.09
2020,Peru,2.06
2021,Peru,2.03
2022,Peru,2.0
2023,Peru,1.98
2024,Peru,1.97
1960,India,5.92
1961,India,5.94
1962,India,5.95
1963,India,5.97
1964,India,5.98
1965,India,5.94
1966,India,5.88
1967,India,5.83
1968,India,5.76
1969,India,5.68
1970,India,5.62
1971,India,5.57
1972,India,5.48
1973,India,5.4
1974,India,5.33
1975,India,5.2
1976,India,5.13
1977,India,5.01
1978,India,4.89
1979,India,4.81
1980,India,4.78
1981,India,4.7
1982,India,4.62
1983,India,4.57
1984,India,4.52
1985,India,4.43
1986,India,4.4
1987,India,4.31
1988,India,4.22
1989,India,4.13
1990,India,4.04
1991,India,3.96
1992,India,3.88
1993,India,3.8
1994,India,3.72
1995,India,3.65
1996,India,3.58
1997,India,3.51
1998,India,3.45
1999,India,3.38
2000,India,3.35
2001,India,3.3
2002,India,3.22
2003,India,3.12
2004,India,3.05
2005,India,2.96
2006,India,2.87
2007,India,2.77
2008,India,2.71
2009,India,2.67
2010,India,2.6
2011,India,2.53
2012,India,2.47
2013,India,2.4
2014,India,2.29
2015,India,2.29
2016,India,2.28
2017,India,2.19
2018,India,2.18
2019,India,2.12
2020,India,2.05
2021,India,2.01
2022,India,1.99
2023,India,1.98
2024,India,1.96
1960,Nepal,6.07
1961,Nepal,6.09
1962,Nepal,6.08
1963,Nepal,6.06
1964,Nepal,6.04
1965,Nepal,6.01
1966,Nepal,5.98
1967,Nepal,5.95
1968,Nepal,5.94
1969,Nepal,5.89
1970,Nepal,5.87
1971,Nepal,5.84
1972,Nepal,5.8
1973,Nepal,5.7
1974,Nepal,5.75
1975,Nepal,5.73
1976,Nepal,5.72
1977,Nepal,5.69
1978,Nepal,5.68
1979,Nepal,5.64
1980,Nepal,5.6
1981,Nepal,5.58
1982,Nepal,5.55
1983,Nepal,5.54
1984,Nepal,5.51
1985,Nepal,5.46
1986,Nepal,5.4
1987,Nepal,5.35
1988,Nepal,5.31
1989,Nepal,5.26
1990,Nepal,5.21
1991,Nepal,5.15
1992,Nepal,5.07
1993,Nepal,5.04
1994,Nepal,4.96
1995,Nepal,4.87
1996,Nepal,4.67
1997,Nepal,4.44
1998,Nepal,4.28
1999,Nepal,4.13
2000,Nepal,3.98
2001,Nepal,3.79
2002,Nepal,3.6
2003,Nepal,3.44
2004,Nepal,3.28
2005,Nepal,3.12
2006,Nepal,2.97
2007,Nepal,2.86
2008,Nepal,2.74
2009,Nepal,2.63
2010,Nepal,2.54
2011,Nepal,2.46
2012,Nepal,2.42
2013,Nepal,2.36
2014,Nepal,2.32
2015,Nepal,2.27
2016,Nepal,2.23
2017,Nepal,2.17
2018,Nepal,2.12
2019,Nepal,2.08
2020,Nepal,2.05
2021,Nepal,2.02
2022,Nepal,2.0
2023,Nepal,1.98
2024,Nepal,1.96
1960,Sri Lanka,5.35
1961,Sri Lanka,5.24
1962,Sri Lanka,5.18
1963,Sri Lanka,5.12
1964,Sri Lanka,5.06
1965,Sri Lanka,4.93
1966,Sri Lanka,4.83
1967,Sri Lanka,4.79
1968,Sri Lanka,4.66
1969,Sri Lanka,4.5
1970,Sri Lanka,4.39
1971,Sri Lanka,4.27
1972,Sri Lanka,4.16
1973,Sri Lanka,4.0
1974,Sri Lanka,3.85
1975,Sri Lanka,3.82
1976,Sri Lanka,3.78
1977,Sri Lanka,3.74
1978,Sri Lanka,3.81
1979,Sri Lanka,3.82
1980,Sri Lanka,3.73
1981,Sri Lanka,3.65
1982,Sri Lanka,3.32
1983,Sri Lanka,3.11
1984,Sri Lanka,3.01
1985,Sri Lanka,2.9
1986,Sri Lanka,2.74
1987,Sri Lanka,2.64
1988,Sri Lanka,2.56
1989,Sri Lanka,2.58
1990,Sri Lanka,2.54
1991,Sri Lanka,2.51
1992,Sri Lanka,2.49
1993,Sri Lanka,2.44
1994,Sri Lanka,2.4
1995,Sri Lanka,2.35
1996,Sri Lanka,2.29
1997,Sri Lanka,2.21
1998,Sri Lanka,2.14
1999,Sri Lanka,2.14
2000,Sri Lanka,2.21
2001,Sri Lanka,2.28
2002,Sri Lanka,2.31
2003,Sri Lanka,2.3
2004,Sri Lanka,2.27
2005,Sri Lanka,2.26
2006,Sri Lanka,2.29
2007,Sri Lanka,2.29
2008,Sri Lanka,2.23
2009,Sri Lanka,2.18
2010,Sri Lanka,2.13
2011,Sri Lanka,2.14
2012,Sri Lanka,2.17
2013,Sri Lanka,2.18
2014,Sri Lanka,2.13
2015,Sri Lanka,2.09
2016,Sri Lanka,2.06
2017,Sri Lanka,2.04
2018,Sri Lanka,2.03
2019,Sri Lanka,2.02
2020,Sri Lanka,2.01
2021,Sri Lanka,2.0
2022,Sri Lanka,1.98
2023,Sri Lanka,1.97
2024,Sri Lanka,1.95
1960,Vietnam,6.27
1961,Vietnam,5.48
1962,Vietnam,6.26
1963,Vietnam,6.38
1964,Vietnam,6.29
1965,Vietnam,6.16
1966,Vietnam,5.97
1967,Vietnam,5.88
1968,Vietnam,6.03
1969,Vietnam,6.01
1970,Vietnam,6.02
1971,Vietnam,6.07
1972,Vietnam,6.1
1973,Vietnam,6.11
1974,Vietnam,5.78
1975,Vietnam,5.62
1976,Vietnam,5.46
1977,Vietnam,5.29
1978,Vietnam,5.1
1979,Vietnam,4.94
1980,Vietnam,4.79
1981,Vietnam,4.67
1982,Vietnam,4.59
1983,Vietnam,4.52
1984,Vietnam,4.41
1985,Vietnam,4.21
1986,Vietnam,3.96
1987,Vietnam,3.72
1988,Vietnam,3.62
1989,Vietnam,3.64
1990,Vietnam,3.6
1991,Vietnam,3.52
1992,Vietnam,3.35
1993,Vietnam,3.17
1994,Vietnam,2.94
1995,Vietnam,2.7
1996,Vietnam,2.47
1997,Vietnam,2.27
1998,Vietnam,2.1
1999,Vietnam,2.0
2000,Vietnam,2.03
2001,Vietnam,2.02
2002,Vietnam,2.01
2003,Vietnam,2.0
2004,Vietnam,1.97
2005,Vietnam,1.89
2006,Vietnam,1.87
2007,Vietnam,1.91
2008,Vietnam,1.93
2009,Vietnam,1.92
2010,Vietnam,1.91
2011,Vietnam,1.93
2012,Vietnam,1.97
2013,Vietnam,1.98
2014,Vietnam,2.09
2015,Vietnam,2.1
2016,Vietnam,2.0
2017,Vietnam,1.99
2018,Vietnam,1.88
2019,Vietnam,1.94
2020,Vietnam,1.96
2021,Vietnam,1.94
2022,Vietnam,1.93
2023,Vietnam,1.91
2024,Vietnam,1.9
1960,Mexico,6.76
1961,Mexico,6.78
1962,Mexico,6.8
1963,Mexico,6.82
1964,Mexico,6.83
1965,Mexico,6.82
1966,Mexico,6.79
1967,Mexico,6.75
1968,Mexico,6.71
1969,Mexico,6.63
1970,Mexico,6.53
1971,Mexico,6.42
1972,Mexico,6.28
1973,Mexico,6.12
1974,Mexico,5.95
1975,Mexico,5.74
1976,Mexico,5.54
1977,Mexico,5.36
1978,Mexico,5.2
1979,Mexico,4.96
1980,Mexico,4.74
1981,Mexico,4.57
1982,Mexico,4.42
1983,Mexico,4.3
1984,Mexico,4.18
1985,Mexico,4.09
1986,Mexico,3.97
1987,Mexico,3.8
1988,Mexico,3.64
1989,Mexico,3.53
1990,Mexico,3.44
1991,Mexico,3.36
1992,Mexico,3.29
1993,Mexico,3.21
1994,Mexico,3.13
1995,Mexico,3.04
1996,Mexico,2.96
1997,Mexico,2.89
1998,Mexico,2.81
1999,Mexico,2.76
2000,Mexico,2.71
2001,Mexico,2.67
2002,Mexico,2.63
2003,Mexico,2.58
2004,Mexico,2.54
2005,Mexico,2.5
2006,Mexico,2.46
2007,Mexico,2.42
2008,Mexico,2.39
2009,Mexico,2.36
2010,Mexico,2.34
2011,Mexico,2.32
2012,Mexico,2.29
2013,Mexico,2.27
2014,Mexico,2.21
2015,Mexico,2.14
2016,Mexico,2.09
2017,Mexico,2.04
2018,Mexico,2.03
2019,Mexico,2.02
2020,Mexico,1.99
2021,Mexico,1.97
2022,Mexico,1.94
2023,Mexico,1.91
2024,Mexico,1.89
1960,Philippines,7.0
1961,Philippines,6.99
1962,Philippines,6.98
1963,Philippines,6.95
1964,Philippines,6.89
1965,Philippines,6.8
1966,Philippines,6.69
1967,Philippines,6.57
1968,Philippines,6.45
1969,Philippines,6.33
1970,Philippines,6.22
1971,Philippines,6.08
1972,Philippines,5.94
1973,Philippines,5.79
1974,Philippines,5.69
1975,Philippines,5.6
1976,Philippines,5.5
1977,Philippines,5.44
1978,Philippines,5.39
1979,Philippines,5.25
1980,Philippines,5.11
1981,Philippines,4.97
1982,Philippines,4.92
1983,Philippines,4.87
1984,Philippines,4.77
1985,Philippines,4.66
1986,Philippines,4.56
1987,Philippines,4.51
1988,Philippines,4.45
1989,Philippines,4.37
1990,Philippines,4.32
1991,Philippines,4.27
1992,Philippines,4.16
1993,Philippines,4.1
1994,Philippines,4.08
1995,Philippines,4.07
1996,Philippines,4.0
1997,Philippines,3.94
1998,Philippines,3.88
1999,Philippines,3.83
2000,Philippines,3.75
2001,Philippines,3.72
2002,Philippines,3.65
2003,Philippines,3.59
2004,Philippines,3.52
2005,Philippines,3.45
2006,Philippines,3.47
2007,Philippines,3.4
2008,Philippines,3.4
2009,Philippines,3.38
2010,Philippines,3.31
2011,Philippines,3.24
2012,Philippines,3.14
2013,Philippines,3.04
2014,Philippines,2.89
2015,Philippines,2.83
2016,Philippines,2.68
2017,Philippines,2.52
2018,Philippines,2.38
2019,Philippines,2.21
2020,Philippines,2.08
2021,Philippines,1.95
2022,Philippines,1.93
2023,Philippines,1.92
2024,Philippines,1.89
1960,Tunisia,7.16
1961,Tunisia,7.16
1962,Tunisia,7.17
1963,Tunisia,7.17
1964,Tunisia,7.17
1965,Tunisia,7.11
1966,Tunisia,7.05
1967,Tunisia,6.95
1968,Tunisia,6.81
1969,Tunisia,6.62
1970,Tunisia,6.43
1971,Tunisia,6.29
1972,Tunisia,6.19
1973,Tunisia,6.12
1974,Tunisia,6.05
1975,Tunisia,5.97
1976,Tunisia,5.87
1977,Tunisia,5.68
1978,Tunisia,5.4
1979,Tunisia,5.18
1980,Tunisia,5.03
1981,Tunisia,5.02
1982,Tunisia,4.89
1983,Tunisia,4.77
1984,Tunisia,4.66
1985,Tunisia,4.52
1986,Tunisia,4.36
1987,Tunisia,4.1
1988,Tunisia,3.83
1989,Tunisia,3.57
1990,Tunisia,3.44
1991,Tunisia,3.31
1992,Tunisia,3.19
1993,Tunisia,3.06
1994,Tunisia,2.87
1995,Tunisia,2.67
1996,Tunisia,2.49
1997,Tunisia,2.34
1998,Tunisia,2.2
1999,Tunisia,2.08
2000,Tunisia,2.02
2001,Tunisia,1.98
2002,Tunisia,1.94
2003,Tunisia,1.96
2004,Tunisia,1.95
2005,Tunisia,1.95
2006,Tunisia,1.95
2007,Tunisia,1.96
2008,Tunisia,1.98
2009,Tunisia,2.0
2010,Tunisia,2.08
2011,Tunisia,2.19
2012,Tunisia,2.28
2013,Tunisia,2.31
2014,Tunisia,2.32
2015,Tunisia,2.31
2016,Tunisia,2.27
2017,Tunisia,2.21
2018,Tunisia,2.13
2019,Tunisia,2.1
2020,Tunisia,2.0
2021,Tunisia,1.8
2022,Tunisia,1.85
2023,Tunisia,1.83
2024,Tunisia,1.82
1960,Ecuador,6.72
1961,Ecuador,6.7
1962,Ecuador,6.68
1963,Ecuador,6.65
1964,Ecuador,6.61
1965,Ecuador,6.56
1966,Ecuador,6.51
1967,Ecuador,6.44
1968,Ecuador,6.35
1969,Ecuador,6.25
1970,Ecuador,6.14
1971,Ecuador,6.01
1972,Ecuador,5.87
1973,Ecuador,5.73
1974,Ecuador,5.58
1975,Ecuador,5.43
1976,Ecuador,5.28
1977,Ecuador,5.13
1978,Ecuador,4.99
1979,Ecuador,4.86
1980,Ecuador,4.73
1981,Ecuador,4.61
1982,Ecuador,4.5
1983,Ecuador,4.39
1984,Ecuador,4.3
1985,Ecuador,4.14
1986,Ecuador,4.0
1987,Ecuador,3.87
1988,Ecuador,3.79
1989,Ecuador,3.74
1990,Ecuador,3.68
1991,Ecuador,3.63
1992,Ecuador,3.58
1993,Ecuador,3.49
1994,Ecuador,3.42
1995,Ecuador,3.38
1996,Ecuador,3.35
1997,Ecuador,3.29
1998,Ecuador,3.23
1999,Ecuador,3.17
2000,Ecuador,3.1
2001,Ecuador,3.04
2002,Ecuador,2.97
2003,Ecuador,2.91
2004,Ecuador,2.85
2005,Ecuador,2.8
2006,Ecuador,2.75
2007,Ecuador,2.7
2008,Ecuador,2.69
2009,Ecuador,2.68
2010,Ecuador,2.62
2011,Ecuador,2.6
2012,Ecuador,2.51
2013,Ecuador,2.36
2014,Ecuador,2.27
2015,Ecuador,2.21
2016,Ecuador,2.12
2017,Ecuador,2.13
2018,Ecuador,2.11
2019,Ecuador,2.04
2020,Ecuador,1.97
2021,Ecuador,1.91
2022,Ecuador,1.86
2023,Ecuador,1.82
2024,Ecuador,1.81
1960,Bahrain,7.26
1961,Bahrain,7.23
1962,Bahrain,7.18
1963,Bahrain,7.14
1964,Bahrain,7.09
1965,Bahrain,7.03
1966,Bahrain,6.94
1967,Bahrain,6.84
1968,Bahrain,6.71
1969,Bahrain,6.57
1970,Bahrain,6.43
1971,Bahrain,6.28
1972,Bahrain,6.14
1973,Bahrain,5.96
1974,Bahrain,5.79
1975,Bahrain,5.62
1976,Bahrain,5.45
1977,Bahrain,5.29
1978,Bahrain,5.12
1979,Bahrain,4.94
1980,Bahrain,4.76
1981,Bahrain,4.6
1982,Bahrain,4.5
1983,Bahrain,4.41
1984,Bahrain,4.3
1985,Bahrain,4.28
1986,Bahrain,4.25
1987,Bahrain,4.13
1988,Bahrain,4.04
1989,Bahrain,3.96
1990,Bahrain,3.82
1991,Bahrain,3.62
1992,Bahrain,3.55
1993,Bahrain,3.46
1994,Bahrain,3.29
1995,Bahrain,3.13
1996,Bahrain,2.99
1997,Bahrain,2.92
1998,Bahrain,2.89
1999,Bahrain,2.9
2000,Bahrain,2.8
2001,Bahrain,2.65
2002,Bahrain,2.7
2003,Bahrain,2.78
2004,Bahrain,2.77
2005,Bahrain,2.67
2006,Bahrain,2.46
2007,Bahrain,2.28
2008,Bahrain,2.15
2009,Bahrain,2.05
2010,Bahrain,1.99
2011,Bahrain,2.02
2012,Bahrain,2.11
2013,Bahrain,2.17
2014,Bahrain,2.15
2015,Bahrain,2.11
2016,Bahrain,2.04
2017,Bahrain,1.98
2018,Bahrain,1.91
2019,Bahrain,1.84
2020,Bahrain,1.86
2021,Bahrain,1.85
2022,Bahrain,1.84
2023,Bahrain,1.82
2024,Bahrain,1.8
1960,Georgia,2.94
1961,Georgia,2.94
1962,Georgia,2.94
1963,Georgia,2.95
1964,Georgia,2.89
1965,Georgia,2.77
1966,Georgia,2.73
1967,Georgia,2.74
1968,Georgia,2.69
1969,Georgia,2.69
1970,Georgia,2.69
1971,Georgia,2.71
1972,Georgia,2.67
1973,Georgia,2.62
1974,Georgia,2.56
1975,Georgia,2.55
1976,Georgia,2.51
1977,Georgia,2.44
1978,Georgia,2.42
1979,Georgia,2.38
1980,Georgia,2.35
1981,Georgia,2.33
1982,Georgia,2.31
1983,Georgia,2.34
1984,Georgia,2.38
1985,Georgia,2.4
1986,Georgia,2.38
1987,Georgia,2.32
1988,Georgia,2.32
1989,Georgia,2.32
1990,Georgia,2.31
1991,Georgia,2.21
1992,Georgia,2.04
1993,Georgia,1.91
1994,Georgia,1.83
1995,Georgia,1.81
1996,Georgia,1.76
1997,Georgia,1.73
1998,Georgia,1.7
1999,Georgia,1.64
2000,Georgia,1.61
2001,Georgia,1.58
2002,Georgia,1.57
2003,Georgia,1.55
2004,Georgia,1.57
2005,Georgia,1.58
2006,Georgia,1.62
2007,Georgia,1.7
2008,Georgia,1.83
2009,Georgia,1.99
2010,Georgia,1.97
2011,Georgia,1.92
2012,Georgia,1.93
2013,Georgia,1.99
2014,Georgia,2.18
2015,Georgia,2.21
2016,Georgia,2.23
2017,Georgia,2.14
2018,Georgia,2.09
2019,Georgia,2.02
2020,Georgia,1.98
2021,Georgia,1.98
2022,Georgia,1.82
2023,Georgia,1.81
2024,Georgia,1.8
1960,North Korea,3.57
1961,North Korea,3.26
1962,North Korea,3.41
1963,North Korea,3.63
1964,North Korea,3.55
1965,North Korea,3.56
1966,North Korea,3.71
1967,North Korea,4.05
1968,North Korea,3.87
1969,North Korea,3.86
1970,North Korea,3.85
1971,North Korea,3.74
1972,North Korea,3.89
1973,North Korea,3.35
1974,North Korea,3.14
1975,North Korea,3.05
1976,North Korea,2.84
1977,North Korea,2.77
1978,North Korea,2.79
1979,North Korea,2.85
1980,North Korea,2.84
1981,North Korea,2.92
1982,North Korea,2.85
1983,North Korea,2.78
1984,North Korea,2.71
1985,North Korea,2.65
1986,North Korea,2.59
1987,North Korea,2.53
1988,North Korea,2.47
1989,North Korea,2.41
1990,North Korea,2.39
1991,North Korea,2.35
1992,North Korea,2.29
1993,North Korea,2.22
1994,North Korea,2.18
1995,North Korea,2.15
1996,North Korea,2.09
1997,North Korea,2.03
1998,North Korea,1.99
1999,North Korea,1.97
2000,North Korea,1.94
2001,North Korea,1.94
2002,North Korea,1.92
2003,North Korea,1.91
2004,North Korea,1.9
2005,North Korea,1.87
2006,North Korea,1.94
2007,North Korea,1.94
2008,North Korea,1.97
2009,North Korea,1.91
2010,North Korea,1.89
2011,North Korea,1.88
2012,North Korea,1.88
2013,North Korea,1.88
2014,North Korea,1.87
2015,North Korea,1.86
2016,North Korea,1.86
2017,North Korea,1.85
2018,North Korea,1.83
2019,North Korea,1.82
2020,North Korea,1.82
2021,North Korea,1.81
2022,North Korea,1.8
2023,North Korea,1.78
2024,North Korea,1.78
1960,El Salvador,6.62
1961,El Salvador,6.64
1962,El Salvador,6.67
1963,El Salvador,6.69
1964,El Salvador,6.68
1965,El Salvador,6.64
1966,El Salvador,6.57
1967,El Salvador,6.49
1968,El Salvador,6.39
1969,El Salvador,6.28
1970,El Salvador,6.18
1971,El Salvador,6.13
1972,El Salvador,6.03
1973,El Salvador,5.93
1974,El Salvador,5.82
1975,El Salvador,5.71
1976,El Salvador,5.59
1977,El Salvador,5.47
1978,El Salvador,5.36
1979,El Salvador,5.23
1980,El Salvador,5.11
1981,El Salvador,4.99
1982,El Salvador,4.83
1983,El Salvador,4.65
1984,El Salvador,4.48
1985,El Salvador,4.32
1986,El Salvador,4.19
1987,El Salvador,4.17
1988,El Salvador,4.1
1989,El Salvador,4.03
1990,El Salvador,3.96
1991,El Salvador,3.89
1992,El Salvador,3.8
1993,El Salvador,3.69
1994,El Salvador,3.61
1995,El Salvador,3.57
1996,El Salvador,3.48
1997,El Salvador,3.38
1998,El Salvador,3.34
1999,El Salvador,3.22
2000,El Salvador,3.08
2001,El Salvador,2.93
2002,El Salvador,2.77
2003,El Salvador,2.64
2004,El Salvador,2.52
2005,El Salvador,2.44
2006,El Salvador,2.4
2007,El Salvador,2.35
2008,El Salvador,2.29
2009,El Salvador,2.26
2010,El Salvador,2.24
2011,El Salvador,2.22
2012,El Salvador,2.19
2013,El Salvador,2.15
2014,El Salvador,2.13
2015,El Salvador,2.07
2016,El Salvador,1.97
2017,El Salvador,1.9
2018,El Salvador,1.85
2019,El Salvador,1.84
2020,El Salvador,1.82
2021,El Salvador,1.8
2022,El Salvador,1.78
2023,El Salvador,1.77
2024,El Salvador,1.77
1960,Moldova,3.31
1961,Moldova,3.23
1962,Moldova,3.04
1963,Moldova,2.89
1964,Moldova,2.71
1965,Moldova,2.69
1966,Moldova,2.65
1967,Moldova,2.62
1968,Moldova,2.59
1969,Moldova,2.57
1970,Moldova,2.56
1971,Moldova,2.56
1972,Moldova,2.56
1973,Moldova,2.57
1974,Moldova,2.56
1975,Moldova,2.52
1976,Moldova,2.47
1977,Moldova,2.42
1978,Moldova,2.39
1979,Moldova,2.38
1980,Moldova,2.38
1981,Moldova,2.4
1982,Moldova,2.45
1983,Moldova,2.58
1984,Moldova,2.67
1985,Moldova,2.67
1986,Moldova,2.74
1987,Moldova,2.78
1988,Moldova,2.63
1989,Moldova,2.46
1990,Moldova,2.39
1991,Moldova,2.28
1992,Moldova,2.22
1993,Moldova,2.11
1994,Moldova,1.99
1995,Moldova,1.82
1996,Moldova,1.71
1997,Moldova,1.79
1998,Moldova,1.65
1999,Moldova,1.56
2000,Moldova,1.5
2001,Moldova,1.47
2002,Moldova,1.45
2003,Moldova,1.48
2004,Moldova,1.54
2005,Moldova,1.53
2006,Moldova,1.54
2007,Moldova,1.57
2008,Moldova,1.64
2009,Moldova,1.72
2010,Moldova,1.7
2011,Moldova,1.65
2012,Moldova,1.66
2013,Moldova,1.62
2014,Moldova,1.82
2015,Moldova,1.87
2016,Moldova,1.89
2017,Moldova,1.81
2018,Moldova,1.81
2019,Moldova,1.78
2020,Moldova,1.77
2021,Moldova,1.75
2022,Moldova,1.69
2023,Moldova,1.73
2024,Moldova,1.73
1960,Bulgaria,2.31
1961,Bulgaria,2.29
1962,Bulgaria,2.24
1963,Bulgaria,2.21
1964,Bulgaria,2.19
1965,Bulgaria,2.09
1966,Bulgaria,2.03
1967,Bulgaria,2.02
1968,Bulgaria,2.27
1969,Bulgaria,2.27
1970,Bulgaria,2.17
1971,Bulgaria,2.1
1972,Bulgaria,2.03
1973,Bulgaria,2.15
1974,Bulgaria,2.29
1975,Bulgaria,2.23
1976,Bulgaria,2.24
1977,Bulgaria,2.21
1978,Bulgaria,2.15
1979,Bulgaria,2.16
1980,Bulgaria,2.05
1981,Bulgaria,2.0
1982,Bulgaria,2.01
1983,Bulgaria,2.01
1984,Bulgaria,2.01
1985,Bulgaria,1.97
1986,Bulgaria,2.02
1987,Bulgaria,1.96
1988,Bulgaria,1.97
1989,Bulgaria,1.9
1990,Bulgaria,1.82
1991,Bulgaria,1.66
1992,Bulgaria,1.55
1993,Bulgaria,1.46
1994,Bulgaria,1.37
1995,Bulgaria,1.23
1996,Bulgaria,1.23
1997,Bulgaria,1.09
1998,Bulgaria,1.11
1999,Bulgaria,1.23
2000,Bulgaria,1.26
2001,Bulgaria,1.21
2002,Bulgaria,1.23
2003,Bulgaria,1.26
2004,Bulgaria,1.33
2005,Bulgaria,1.37
2006,Bulgaria,1.44
2007,Bulgaria,1.49
2008,Bulgaria,1.56
2009,Bulgaria,1.66
2010,Bulgaria,1.57
2011,Bulgaria,1.51
2012,Bulgaria,1.5
2013,Bulgaria,1.54
2014,Bulgaria,1.62
2015,Bulgaria,1.64
2016,Bulgaria,1.67
2017,Bulgaria,1.71
2018,Bulgaria,1.73
2019,Bulgaria,1.79
2020,Bulgaria,1.77
2021,Bulgaria,1.8
2022,Bulgaria,1.78
2023,Bulgaria,1.81
2024,Bulgaria,1.72
1960,Qatar,6.53
1961,Qatar,6.53
1962,Qatar,6.53
1963,Qatar,6.53
1964,Qatar,6.53
1965,Qatar,6.53
1966,Qatar,6.52
1967,Qatar,6.46
1968,Qatar,6.39
1969,Qatar,6.31
1970,Qatar,6.23
1971,Qatar,6.14
1972,Qatar,6.07
1973,Qatar,6.01
1974,Qatar,5.93
1975,Qatar,5.86
1976,Qatar,5.78
1977,Qatar,5.69
1978,Qatar,5.58
1979,Qatar,5.46
1980,Qatar,5.33
1981,Qatar,5.2
1982,Qatar,5.04
1983,Qatar,4.9
1984,Qatar,4.76
1985,Qatar,4.64
1986,Qatar,4.57
1987,Qatar,4.54
1988,Qatar,4.51
1989,Qatar,4.41
1990,Qatar,4.23
1991,Qatar,3.99
1992,Qatar,3.85
1993,Qatar,3.77
1994,Qatar,3.67
1995,Qatar,3.56
1996,Qatar,3.44
1997,Qatar,3.33
1998,Qatar,3.21
1999,Qatar,3.12
2000,Qatar,3.07
2001,Qatar,3.08
2002,Qatar,3.01
2003,Qatar,2.92
2004,Qatar,2.79
2005,Qatar,2.63
2006,Qatar,2.51
2007,Qatar,2.44
2008,Qatar,2.37
2009,Qatar,2.25
2010,Qatar,2.14
2011,Qatar,2.07
2012,Qatar,2.04
2013,Qatar,2.03
2014,Qatar,2.03
2015,Qatar,1.98
2016,Qatar,1.86
2017,Qatar,1.83
2018,Qatar,1.76
2019,Qatar,1.73
2020,Qatar,1.68
2021,Qatar,1.6
2022,Qatar,1.74
2023,Qatar,1.73
2024,Qatar,1.72
1960,Armenia,4.79
1961,Armenia,4.67
1962,Armenia,4.52
1963,Armenia,4.34
1964,Armenia,4.15
1965,Armenia,3.99
1966,Armenia,3.83
1967,Armenia,3.73
1968,Armenia,3.62
1969,Armenia,3.49
1970,Armenia,3.33
1971,Armenia,3.29
1972,Armenia,3.2
1973,Armenia,3.08
1974,Armenia,2.98
1975,Armenia,2.92
1976,Armenia,2.84
1977,Armenia,2.74
1978,Armenia,2.62
1979,Armenia,2.53
1980,Armenia,2.48
1981,Armenia,2.48
1982,Armenia,2.5
1983,Armenia,2.56
1984,Armenia,2.6
1985,Armenia,2.64
1986,Armenia,2.66
1987,Armenia,2.66
1988,Armenia,2.67
1989,Armenia,2.71
1990,Armenia,2.71
1991,Armenia,2.64
1992,Armenia,2.5
1993,Armenia,2.29
1994,Armenia,2.08
1995,Armenia,2.07
1996,Armenia,2.06
1997,Armenia,1.9
1998,Armenia,1.81
1999,Armenia,1.53
2000,Armenia,1.3
2001,Armenia,1.2
2002,Armenia,1.2
2003,Armenia,1.3
2004,Armenia,1.4
2005,Armenia,1.3
2006,Armenia,1.3
2007,Armenia,1.4
2008,Armenia,1.4
2009,Armenia,1.5
2010,Armenia,1.5
2011,Armenia,1.5
2012,Armenia,1.6
2013,Armenia,1.6
2014,Armenia,1.7
2015,Armenia,1.6
2016,Armenia,1.6
2017,Armenia,1.6
2018,Armenia,1.6
2019,Armenia,1.6
2020,Armenia,1.7
2021,Armenia,1.7
2022,Armenia,1.7
2023,Armenia,1.9
2024,Armenia,1.7
1960,Iran,7.52
1961,Iran,7.46
1962,Iran,7.4
1963,Iran,7.32
1964,Iran,7.24
1965,Iran,7.22
1966,Iran,7.21
1967,Iran,7.19
1968,Iran,7.12
1969,Iran,7.01
1970,Iran,6.8
1971,Iran,6.55
1972,Iran,6.26
1973,Iran,6.06
1974,Iran,5.97
1975,Iran,5.95
1976,Iran,6.07
1977,Iran,6.18
1978,Iran,6.34
1979,Iran,6.55
1980,Iran,6.63
1981,Iran,6.62
1982,Iran,6.59
1983,Iran,6.53
1984,Iran,6.43
1985,Iran,6.24
1986,Iran,6.01
1987,Iran,5.72
1988,Iran,5.43
1989,Iran,5.17
1990,Iran,4.93
1991,Iran,4.57
1992,Iran,4.1
1993,Iran,3.67
1994,Iran,3.24
1995,Iran,2.85
1996,Iran,2.54
1997,Iran,2.32
1998,Iran,2.19
1999,Iran,2.09
2000,Iran,2.0
2001,Iran,1.92
2002,Iran,1.84
2003,Iran,1.8
2004,Iran,1.78
2005,Iran,1.76
2006,Iran,1.75
2007,Iran,1.75
2008,Iran,1.74
2009,Iran,1.74
2010,Iran,1.75
2011,Iran,1.79
2012,Iran,1.85
2013,Iran,1.91
2014,Iran,1.98
2015,Iran,2.02
2016,Iran,2.05
2017,Iran,2.02
2018,Iran,1.92
2019,Iran,1.77
2020,Iran,1.7
2021,Iran,1.71
2022,Iran,1.7
2023,Iran,1.7
2024,Iran,1.68
1960,Serbia,2.15
1961,Serbia,2.13
1962,Serbia,2.11
1963,Serbia,2.08
1964,Serbia,2.07
1965,Serbia,2.06
1966,Serbia,2.04
1967,Serbia,2.02
1968,Serbia,2.0
1969,Serbia,1.99
1970,Serbia,1.97
1971,Serbia,1.96
1972,Serbia,1.95
1973,Serbia,1.94
1974,Serbia,1.93
1975,Serbia,1.92
1976,Serbia,1.91
1977,Serbia,1.9
1978,Serbia,1.89
1979,Serbia,1.88
1980,Serbia,1.86
1981,Serbia,1.85
1982,Serbia,1.84
1983,Serbia,1.83
1984,Serbia,1.81
1985,Serbia,1.8
1986,Serbia,1.78
1987,Serbia,1.75
1988,Serbia,1.72
1989,Serbia,1.69
1990,Serbia,1.65
1991,Serbia,1.61
1992,Serbia,1.57
1993,Serbia,1.54
1994,Serbia,1.5
1995,Serbia,1.47
1996,Serbia,1.44
1997,Serbia,1.4
1998,Serbia,1.37
1999,Serbia,1.35
2000,Serbia,1.48
2001,Serbia,1.58
2002,Serbia,1.57
2003,Serbia,1.59
2004,Serbia,1.57
2005,Serbia,1.45
2006,Serbia,1.43
2007,Serbia,1.38
2008,Serbia,1.4
2009,Serbia,1.44
2010,Serbia,1.4
2011,Serbia,1.4
2012,Serbia,1.45
2013,Serbia,1.43
2014,Serbia,1.46
2015,Serbia,1.46
2016,Serbia,1.46
2017,Serbia,1.49
2018,Serbia,1.49
2019,Serbia,1.52
2020,Serbia,1.48
2021,Serbia,1.52
2022,Serbia,1.59
2023,Serbia,1.62
2024,Serbia,1.64
1960,Colombia,6.74
1961,Colombia,6.71
1962,Colombia,6.66
1963,Colombia,6.58
1964,Colombia,6.47
1965,Colombia,6.33
1966,Colombia,6.16
1967,Colombia,5.96
1968,Colombia,5.74
1969,Colombia,5.51
1970,Colombia,5.28
1971,Colombia,5.06
1972,Colombia,4.86
1973,Colombia,4.68
1974,Colombia,4.53
1975,Colombia,4.4
1976,Colombia,4.29
1977,Colombia,4.16
1978,Colombia,4.0
1979,Colombia,3.89
1980,Colombia,3.8
1981,Colombia,3.71
1982,Colombia,3.62
1983,Colombia,3.5
1984,Colombia,3.35
1985,Colombia,3.23
1986,Colombia,3.15
1987,Colombia,3.09
1988,Colombia,3.04
1989,Colombia,3.01
1990,Colombia,3.0
1991,Colombia,2.98
1992,Colombia,2.98
1993,Colombia,2.98
1994,Colombia,2.94
1995,Colombia,2.85
1996,Colombia,2.77
1997,Colombia,2.74
1998,Colombia,2.72
1999,Colombia,2.64
2000,Colombia,2.57
2001,Colombia,2.52
2002,Colombia,2.49
2003,Colombia,2.45
2004,Colombia,2.38
2005,Colombia,2.31
2006,Colombia,2.24
2007,Colombia,2.19
2008,Colombia,2.15
2009,Colombia,2.1
2010,Colombia,2.01
2011,Colombia,1.94
2012,Colombia,1.9
2013,Colombia,1.86
2014,Colombia,1.82
2015,Colombia,1.77
2016,Colombia,1.72
2017,Colombia,1.72
2018,Colombia,1.72
2019,Colombia,1.71
2020,Colombia,1.69
2021,Colombia,1.68
2022,Colombia,1.66
2023,Colombia,1.65
2024,Colombia,1.63
1960,United States,3.65
1961,United States,3.62
1962,United States,3.46
1963,United States,3.32
1964,United States,3.19
1965,United States,2.91
1966,United States,2.72
1967,United States,2.56
1968,United States,2.46
1969,United States,2.46
1970,United States,2.48
1971,United States,2.27
1972,United States,2.01
1973,United States,1.88
1974,United States,1.83
1975,United States,1.77
1976,United States,1.74
1977,United States,1.79
1978,United States,1.76
1979,United States,1.81
1980,United States,1.84
1981,United States,1.81
1982,United States,1.83
1983,United States,1.8
1984,United States,1.81
1985,United States,1.84
1986,United States,1.84
1987,United States,1.87
1988,United States,1.93
1989,United States,2.01
1990,United States,2.08
1991,United States,2.06
1992,United States,2.05
1993,United States,2.02
1994,United States,2.0
1995,United States,1.98
1996,United States,1.98
1997,United States,1.97
1998,United States,2.0
1999,United States,2.01
2000,United States,2.06
2001,United States,2.03
2002,United States,2.02
2003,United States,2.05
2004,United States,2.05
2005,United States,2.06
2006,United States,2.11
2007,United States,2.12
2008,United States,2.07
2009,United States,2.0
2010,United States,1.93
2011,United States,1.89
2012,United States,1.88
2013,United States,1.86
2014,United States,1.86
2015,United States,1.84
2016,United States,1.82
2017,United States,1.77
2018,United States,1.73
2019,United States,1.71
2020,United States,1.64
2021,United States,1.66
2022,United States,1.66
2023,United States,1.62
2024,United States,1.63
1960,Brazil,6.05
1961,Brazil,6.02
1962,Brazil,5.98
1963,Brazil,5.93
1964,Brazil,5.82
1965,Brazil,5.68
1966,Brazil,5.52
1967,Brazil,5.34
1968,Brazil,5.17
1969,Brazil,5.04
1970,Brazil,4.93
1971,Brazil,4.84
1972,Brazil,4.74
1973,Brazil,4.64
1974,Brazil,4.5
1975,Brazil,4.42
1976,Brazil,4.34
1977,Brazil,4.27
1978,Brazil,4.2
1979,Brazil,4.12
1980,Brazil,4.04
1981,Brazil,3.94
1982,Brazil,3.84
1983,Brazil,3.72
1984,Brazil,3.6
1985,Brazil,3.48
1986,Brazil,3.36
1987,Brazil,3.23
1988,Brazil,3.11
1989,Brazil,3.01
1990,Brazil,2.9
1991,Brazil,2.81
1992,Brazil,2.71
1993,Brazil,2.66
1994,Brazil,2.6
1995,Brazil,2.57
1996,Brazil,2.51
1997,Brazil,2.47
1998,Brazil,2.42
1999,Brazil,2.33
2000,Brazil,2.25
2001,Brazil,2.16
2002,Brazil,2.08
2003,Brazil,2.01
2004,Brazil,1.97
2005,Brazil,1.94
2006,Brazil,1.9
2007,Brazil,1.85
2008,Brazil,1.81
2009,Brazil,1.8
2010,Brazil,1.79
2011,Brazil,1.78
2012,Brazil,1.77
2013,Brazil,1.76
2014,Brazil,1.77
2015,Brazil,1.78
2016,Brazil,1.73
2017,Brazil,1.74
2018,Brazil,1.74
2019,Brazil,1.71
2020,Brazil,1.65
2021,Brazil,1.64
2022,Brazil,1.63
2023,Brazil,1.62
2024,Brazil,1.61
1960,France,2.85
1961,France,2.87
1962,France,2.89
1963,France,2.89
1964,France,2.87
1965,France,2.84
1966,France,2.8
1967,France,2.75
1968,France,2.69
1969,France,2.62
1970,France,2.55
1971,France,2.47
1972,France,2.38
1973,France,2.28
1974,France,2.18
1975,France,2.09
1976,France,2.01
1977,France,1.94
1978,France,1.89
1979,France,1.87
1980,France,1.85
1981,France,1.85
1982,France,1.86
1983,France,1.86
1984,France,1.86
1985,France,1.86
1986,France,1.85
1987,France,1.83
1988,France,1.81
1989,France,1.79
1990,France,1.77
1991,France,1.75
1992,France,1.74
1993,France,1.73
1994,France,1.73
1995,France,1.74
1996,France,1.75
1997,France,1.77
1998,France,1.78
1999,France,1.81
2000,France,1.89
2001,France,1.9
2002,France,1.88
2003,France,1.89
2004,France,1.92
2005,France,1.94
2006,France,2.0
2007,France,1.98
2008,France,2.01
2009,France,2.0
2010,France,2.03
2011,France,2.01
2012,France,2.01
2013,France,1.99
2014,France,2.0
2015,France,1.96
2016,France,1.92
2017,France,1.89
2018,France,1.87
2019,France,1.86
2020,France,1.82
2021,France,1.83
2022,France,1.78
2023,France,1.66
2024,France,1.61
1960,New Zealand,4.24
1961,New Zealand,4.31
1962,New Zealand,4.19
1963,New Zealand,4.05
1964,New Zealand,3.8
1965,New Zealand,3.54
1966,New Zealand,3.41
1967,New Zealand,3.35
1968,New Zealand,3.34
1969,New Zealand,3.28
1970,New Zealand,3.17
1971,New Zealand,3.18
1972,New Zealand,3.0
1973,New Zealand,2.76
1974,New Zealand,2.58
1975,New Zealand,2.37
1976,New Zealand,2.27
1977,New Zealand,2.21
1978,New Zealand,2.07
1979,New Zealand,2.12
1980,New Zealand,2.03
1981,New Zealand,2.01
1982,New Zealand,1.95
1983,New Zealand,1.92
1984,New Zealand,1.93
1985,New Zealand,1.93
1986,New Zealand,1.96
1987,New Zealand,2.03
1988,New Zealand,2.1
1989,New Zealand,2.12
1990,New Zealand,2.18
1991,New Zealand,2.09
1992,New Zealand,2.06
1993,New Zealand,2.04
1994,New Zealand,1.98
1995,New Zealand,1.98
1996,New Zealand,1.96
1997,New Zealand,1.96
1998,New Zealand,1.89
1999,New Zealand,1.97
2000,New Zealand,1.98
2001,New Zealand,1.97
2002,New Zealand,1.89
2003,New Zealand,1.93
2004,New Zealand,1.98
2005,New Zealand,1.97
2006,New Zealand,2.01
2007,New Zealand,2.18
2008,New Zealand,2.19
2009,New Zealand,2.13
2010,New Zealand,2.17
2011,New Zealand,2.09
2012,New Zealand,2.1
2013,New Zealand,2.01
2014,New Zealand,1.92
2015,New Zealand,1.99
2016,New Zealand,1.87
2017,New Zealand,1.81
2018,New Zealand,1.71
2019,New Zealand,1.72
2020,New Zealand,1.62
2021,New Zealand,1.65
2022,New Zealand,1.67
2023,New Zealand,1.57
2024,New Zealand,1.57
1960,Kuwait,7.22
1961,Kuwait,7.25
1962,Kuwait,7.25
1963,Kuwait,7.28
1964,Kuwait,7.29
1965,Kuwait,7.31
1966,Kuwait,7.34
1967,Kuwait,7.33
1968,Kuwait,7.28
1969,Kuwait,7.18
1970,Kuwait,7.03
1971,Kuwait,6.84
1972,Kuwait,6.64
1973,Kuwait,6.43
1974,Kuwait,6.23
1975,Kuwait,6.06
1976,Kuwait,5.9
1977,Kuwait,5.71
1978,Kuwait,5.52
1979,Kuwait,5.33
1980,Kuwait,5.18
1981,Kuwait,5.02
1982,Kuwait,4.85
1983,Kuwait,4.66
1984,Kuwait,4.45
1985,Kuwait,4.22
1986,Kuwait,4.0
1987,Kuwait,3.83
1988,Kuwait,3.7
1989,Kuwait,3.59
1990,Kuwait,3.49
1991,Kuwait,3.4
1992,Kuwait,3.35
1993,Kuwait,3.31
1994,Kuwait,3.27
1995,Kuwait,3.25
1996,Kuwait,3.22
1997,Kuwait,3.13
1998,Kuwait,3.04
1999,Kuwait,2.95
2000,Kuwait,2.89
2001,Kuwait,2.84
2002,Kuwait,2.79
2003,Kuwait,2.77
2004,Kuwait,2.76
2005,Kuwait,2.73
2006,Kuwait,2.59
2007,Kuwait,2.41
2008,Kuwait,2.27
2009,Kuwait,2.15
2010,Kuwait,2.04
2011,Kuwait,1.96
2012,Kuwait,1.99
2013,Kuwait,1.97
2014,Kuwait,2.06
2015,Kuwait,2.03
2016,Kuwait,2.06
2017,Kuwait,2.16
2018,Kuwait,2.12
2019,Kuwait,2.08
2020,Kuwait,2.03
2021,Kuwait,2.15
2022,Kuwait,1.55
2023,Kuwait,1.52
2024,Kuwait,1.56
1960,United Kingdom,2.69
1961,United Kingdom,2.78
1962,United Kingdom,2.86
1963,United Kingdom,2.88
1964,United Kingdom,2.93
1965,United Kingdom,2.86
1966,United Kingdom,2.78
1967,United Kingdom,2.68
1968,United Kingdom,2.6
1969,United Kingdom,2.51
1970,United Kingdom,2.44
1971,United Kingdom,2.41
1972,United Kingdom,2.2
1973,United Kingdom,2.04
1974,United Kingdom,1.92
1975,United Kingdom,1.81
1976,United Kingdom,1.74
1977,United Kingdom,1.69
1978,United Kingdom,1.75
1979,United Kingdom,1.86
1980,United Kingdom,1.9
1981,United Kingdom,1.82
1982,United Kingdom,1.78
1983,United Kingdom,1.77
1984,United Kingdom,1.77
1985,United Kingdom,1.79
1986,United Kingdom,1.78
1987,United Kingdom,1.81
1988,United Kingdom,1.82
1989,United Kingdom,1.79
1990,United Kingdom,1.83
1991,United Kingdom,1.82
1992,United Kingdom,1.79
1993,United Kingdom,1.76
1994,United Kingdom,1.74
1995,United Kingdom,1.71
1996,United Kingdom,1.73
1997,United Kingdom,1.72
1998,United Kingdom,1.71
1999,United Kingdom,1.68
2000,United Kingdom,1.64
2001,United Kingdom,1.63
2002,United Kingdom,1.63
2003,United Kingdom,1.7
2004,United Kingdom,1.75
2005,United Kingdom,1.76
2006,United Kingdom,1.82
2007,United Kingdom,1.86
2008,United Kingdom,1.91
2009,United Kingdom,1.89
2010,United Kingdom,1.92
2011,United Kingdom,1.91
2012,United Kingdom,1.92
2013,United Kingdom,1.83
2014,United Kingdom,1.81
2015,United Kingdom,1.8
2016,United Kingdom,1.79
2017,United Kingdom,1.74
2018,United Kingdom,1.68
2019,United Kingdom,1.63
2020,United Kingdom,1.57
2021,United Kingdom,1.58
2022,United Kingdom,1.56
2023,United Kingdom,1.56
2024,United Kingdom,1.55
1960,Kosovo,6.36
1961,Kosovo,6.31
1962,Kosovo,6.24
1963,Kosovo,6.18
1964,Kosovo,6.11
1965,Kosovo,6.04
1966,Kosovo,5.95
1967,Kosovo,5.88
1968,Kosovo,5.81
1969,Kosovo,5.73
1970,Kosovo,5.62
1971,Kosovo,5.56
1972,Kosovo,5.49
1973,Kosovo,5.42
1974,Kosovo,5.37
1975,Kosovo,5.28
1976,Kosovo,5.18
1977,Kosovo,5.01
1978,Kosovo,4.83
1979,Kosovo,4.7
1980,Kosovo,4.66
1981,Kosovo,4.5
1982,Kosovo,4.49
1983,Kosovo,4.46
1984,Kosovo,4.41
1985,Kosovo,4.2
1986,Kosovo,4.12
1987,Kosovo,4.1
1988,Kosovo,3.97
1989,Kosovo,3.67
1990,Kosovo,3.67
1991,Kosovo,3.37
1992,Kosovo,2.77
1993,Kosovo,2.65
1994,Kosovo,2.52
1995,Kosovo,2.52
1996,Kosovo,2.54
1997,Kosovo,2.31
1998,Kosovo,2.35
1999,Kosovo,2.63
2000,Kosovo,2.7
2001,Kosovo,2.77
2002,Kosovo,2.79
2003,Kosovo,2.67
2004,Kosovo,2.65
2005,Kosovo,2.62
2006,Kosovo,2.49
2007,Kosovo,2.39
2008,Kosovo,2.36
2009,Kosovo,2.32
2010,Kosovo,2.22
2011,Kosovo,2.04
2012,Kosovo,1.97
2013,Kosovo,1.95
2014,Kosovo,1.87
2015,Kosovo,1.76
2016,Kosovo,1.64
2017,Kosovo,1.62
2018,Kosovo,1.58
2019,Kosovo,1.57
2020,Kosovo,1.57
2021,Kosovo,1.56
2022,Kosovo,1.55
2023,Kosovo,1.54
2024,Kosovo,1.54
1960,Malaysia,6.41
1961,Malaysia,6.37
1962,Malaysia,6.3
1963,Malaysia,6.19
1964,Malaysia,6.03
1965,Malaysia,5.84
1966,Malaysia,5.63
1967,Malaysia,5.43
1968,Malaysia,5.29
1969,Malaysia,5.16
1970,Malaysia,5.04
1971,Malaysia,4.92
1972,Malaysia,4.82
1973,Malaysia,4.73
1974,Malaysia,4.62
1975,Malaysia,4.5
1976,Malaysia,4.4
1977,Malaysia,4.28
1978,Malaysia,4.18
1979,Malaysia,4.09
1980,Malaysia,4.04
1981,Malaysia,4.0
1982,Malaysia,3.97
1983,Malaysia,3.93
1984,Malaysia,3.88
1985,Malaysia,3.8
1986,Malaysia,3.7
1987,Malaysia,3.56
1988,Malaysia,3.5
1989,Malaysia,3.31
1990,Malaysia,3.3
1991,Malaysia,3.34
1992,Malaysia,3.37
1993,Malaysia,3.36
1994,Malaysia,3.35
1995,Malaysia,3.32
1996,Malaysia,3.3
1997,Malaysia,3.23
1998,Malaysia,3.12
1999,Malaysia,3.07
2000,Malaysia,2.94
2001,Malaysia,2.81
2002,Malaysia,2.66
2003,Malaysia,2.6
2004,Malaysia,2.49
2005,Malaysia,2.39
2006,Malaysia,2.31
2007,Malaysia,2.25
2008,Malaysia,2.26
2009,Malaysia,2.22
2010,Malaysia,2.14
2011,Malaysia,2.15
2012,Malaysia,2.12
2013,Malaysia,2.07
2014,Malaysia,2.06
2015,Malaysia,2.01
2016,Malaysia,1.94
2017,Malaysia,1.89
2018,Malaysia,1.84
2019,Malaysia,1.78
2020,Malaysia,1.68
2021,Malaysia,1.55
2022,Malaysia,1.55
2023,Malaysia,1.55
2024,Malaysia,1.54
1960,Trinidad,5.41
1961,Trinidad,5.41
1962,Trinidad,5.36
1963,Trinidad,5.24
1964,Trinidad,5.08
1965,Trinidad,4.88
1966,Trinidad,4.62
1967,Trinidad,4.35
1968,Trinidad,4.11
1969,Trinidad,3.86
1970,Trinidad,3.71
1971,Trinidad,3.61
1972,Trinidad,3.55
1973,Trinidad,3.47
1974,Trinidad,3.32
1975,Trinidad,3.21
1976,Trinidad,3.14
1977,Trinidad,3.12
1978,Trinidad,3.13
1979,Trinidad,3.13
1980,Trinidad,3.15
1981,Trinidad,3.13
1982,Trinidad,3.11
1983,Trinidad,3.07
1984,Trinidad,3.02
1985,Trinidad,2.99
1986,Trinidad,2.9
1987,Trinidad,2.77
1988,Trinidad,2.65
1989,Trinidad,2.53
1990,Trinidad,2.39
1991,Trinidad,2.29
1992,Trinidad,2.21
1993,Trinidad,2.13
1994,Trinidad,2.06
1995,Trinidad,1.97
1996,Trinidad,1.89
1997,Trinidad,1.83
1998,Trinidad,1.78
1999,Trinidad,1.76
2000,Trinidad,1.73
2001,Trinidad,1.71
2002,Trinidad,1.67
2003,Trinidad,1.65
2004,Trinidad,1.63
2005,Trinidad,1.62
2006,Trinidad,1.62
2007,Trinidad,1.62
2008,Trinidad,1.62
2009,Trinidad,1.62
2010,Trinidad,1.61
2011,Trinidad,1.61
2012,Trinidad,1.61
2013,Trinidad,1.6
2014,Trinidad,1.6
2015,Trinidad,1.6
2016,Trinidad,1.6
2017,Trinidad,1.59
2018,Trinidad,1.59
2019,Trinidad,1.58
2020,Trinidad,1.57
2021,Trinidad,1.56
2022,Trinidad,1.54
2023,Trinidad,1.53
2024,Trinidad,1.54
1960,Slovenia,2.19
1961,Slovenia,2.27
1962,Slovenia,2.28
1963,Slovenia,2.27
1964,Slovenia,2.31
1965,Slovenia,2.43
1966,Slovenia,2.46
1967,Slovenia,2.37
1968,Slovenia,2.25
1969,Slovenia,2.17
1970,Slovenia,2.11
1971,Slovenia,2.16
1972,Slovenia,2.17
1973,Slovenia,2.2
1974,Slovenia,2.12
1975,Slovenia,2.17
1976,Slovenia,2.2
1977,Slovenia,2.17
1978,Slovenia,2.2
1979,Slovenia,2.21
1980,Slovenia,2.11
1981,Slovenia,1.96
1982,Slovenia,1.93
1983,Slovenia,1.81
1984,Slovenia,1.74
1985,Slovenia,1.71
1986,Slovenia,1.67
1987,Slovenia,1.65
1988,Slovenia,1.63
1989,Slovenia,1.52
1990,Slovenia,1.46
1991,Slovenia,1.42
1992,Slovenia,1.33
1993,Slovenia,1.33
1994,Slovenia,1.32
1995,Slovenia,1.29
1996,Slovenia,1.28
1997,Slovenia,1.25
1998,Slovenia,1.23
1999,Slovenia,1.21
2000,Slovenia,1.26
2001,Slovenia,1.21
2002,Slovenia,1.21
2003,Slovenia,1.2
2004,Slovenia,1.25
2005,Slovenia,1.26
2006,Slovenia,1.31
2007,Slovenia,1.38
2008,Slovenia,1.53
2009,Slovenia,1.53
2010,Slovenia,1.57
2011,Slovenia,1.56
2012,Slovenia,1.58
2013,Slovenia,1.55
2014,Slovenia,1.58
2015,Slovenia,1.57
2016,Slovenia,1.58
2017,Slovenia,1.62
2018,Slovenia,1.6
2019,Slovenia,1.61
2020,Slovenia,1.59
2021,Slovenia,1.64
2022,Slovenia,1.55
2023,Slovenia,1.51
2024,Slovenia,1.52
1960,Argentina,3.14
1961,Argentina,3.12
1962,Argentina,3.13
1963,Argentina,3.11
1964,Argentina,3.08
1965,Argentina,3.0
1966,Argentina,2.97
1967,Argentina,2.98
1968,Argentina,3.01
1969,Argentina,3.05
1970,Argentina,3.08
1971,Argentina,3.11
1972,Argentina,3.13
1973,Argentina,3.17
1974,Argentina,3.22
1975,Argentina,3.27
1976,Argentina,3.32
1977,Argentina,3.36
1978,Argentina,3.36
1979,Argentina,3.34
1980,Argentina,3.3
1981,Argentina,3.25
1982,Argentina,3.2
1983,Argentina,3.15
1984,Argentina,3.12
1985,Argentina,3.07
1986,Argentina,3.05
1987,Argentina,3.04
1988,Argentina,3.05
1989,Argentina,3.02
1990,Argentina,3.03
1991,Argentina,3.01
1992,Argentina,2.99
1993,Argentina,2.97
1994,Argentina,2.94
1995,Argentina,2.86
1996,Argentina,2.78
1997,Argentina,2.71
1998,Argentina,2.66
1999,Argentina,2.64
2000,Argentina,2.59
2001,Argentina,2.53
2002,Argentina,2.49
2003,Argentina,2.45
2004,Argentina,2.43
2005,Argentina,2.43
2006,Argentina,2.4
2007,Argentina,2.37
2008,Argentina,2.43
2009,Argentina,2.4
2010,Argentina,2.41
2011,Argentina,2.39
2012,Argentina,2.3
2013,Argentina,2.33
2014,Argentina,2.39
2015,Argentina,2.35
2016,Argentina,2.24
2017,Argentina,2.17
2018,Argentina,2.07
2019,Argentina,1.88
2020,Argentina,1.6
2021,Argentina,1.58
2022,Argentina,1.48
2023,Argentina,1.5
2024,Argentina,1.5
1960,Bosnia,3.96
1961,Bosnia,3.89
1962,Bosnia,3.81
1963,Bosnia,3.7
1964,Bosnia,3.6
1965,Bosnia,3.53
1966,Bosnia,3.39
1967,Bosnia,3.22
1968,Bosnia,3.08
1969,Bosnia,2.95
1970,Bosnia,2.79
1971,Bosnia,2.75
1972,Bosnia,2.67
1973,Bosnia,2.54
1974,Bosnia,2.45
1975,Bosnia,2.39
1976,Bosnia,2.31
1977,Bosnia,2.2
1978,Bosnia,2.08
1979,Bosnia,1.99
1980,Bosnia,1.98
1981,Bosnia,2.02
1982,Bosnia,2.05
1983,Bosnia,2.05
1984,Bosnia,2.02
1985,Bosnia,1.96
1986,Bosnia,1.91
1987,Bosnia,1.88
1988,Bosnia,1.85
1989,Bosnia,1.79
1990,Bosnia,1.79
1991,Bosnia,1.78
1992,Bosnia,1.76
1993,Bosnia,1.73
1994,Bosnia,1.7
1995,Bosnia,1.67
1996,Bosnia,1.65
1997,Bosnia,1.69
1998,Bosnia,1.56
1999,Bosnia,1.37
2000,Bosnia,1.28
2001,Bosnia,1.23
2002,Bosnia,1.23
2003,Bosnia,1.22
2004,Bosnia,1.22
2005,Bosnia,1.2
2006,Bosnia,1.18
2007,Bosnia,1.19
2008,Bosnia,1.21
2009,Bosnia,1.27
2010,Bosnia,1.26
2011,Bosnia,1.21
2012,Bosnia,1.25
2013,Bosnia,1.28
2014,Bosnia,1.26
2015,Bosnia,1.32
2016,Bosnia,1.36
2017,Bosnia,1.42
2018,Bosnia,1.5
2019,Bosnia,1.51
2020,Bosnia,1.51
2021,Bosnia,1.49
2022,Bosnia,1.48
2023,Bosnia,1.49
2024,Bosnia,1.49
1960,Australia,3.45
1961,Australia,3.54
1962,Australia,3.44
1963,Australia,3.33
1964,Australia,3.15
1965,Australia,2.98
1966,Australia,2.88
1967,Australia,2.85
1968,Australia,2.89
1969,Australia,2.89
1970,Australia,2.86
1971,Australia,2.96
1972,Australia,2.74
1973,Australia,2.49
1974,Australia,2.4
1975,Australia,2.15
1976,Australia,2.06
1977,Australia,2.01
1978,Australia,1.95
1979,Australia,1.91
1980,Australia,1.89
1981,Australia,1.94
1982,Australia,1.93
1983,Australia,1.92
1984,Australia,1.84
1985,Australia,1.92
1986,Australia,1.87
1987,Australia,1.84
1988,Australia,1.83
1989,Australia,1.84
1990,Australia,1.9
1991,Australia,1.85
1992,Australia,1.89
1993,Australia,1.86
1994,Australia,1.84
1995,Australia,1.82
1996,Australia,1.8
1997,Australia,1.78
1998,Australia,1.76
1999,Australia,1.75
2000,Australia,1.76
2001,Australia,1.74
2002,Australia,1.76
2003,Australia,1.75
2004,Australia,1.77
2005,Australia,1.81
2006,Australia,1.91
2007,Australia,1.96
2008,Australia,1.98
2009,Australia,1.97
2010,Australia,1.93
2011,Australia,1.93
2012,Australia,1.92
2013,Australia,1.85
2014,Australia,1.83
2015,Australia,1.81
2016,Australia,1.75
2017,Australia,1.74
2018,Australia,1.74
2019,Australia,1.66
2020,Australia,1.58
2021,Australia,1.7
2022,Australia,1.63
2023,Australia,1.5
2024,Australia,1.48
1960,Türkiye,6.38
1961,Türkiye,6.42
1962,Türkiye,6.38
1963,Türkiye,6.34
1964,Türkiye,6.29
1965,Türkiye,6.22
1966,Türkiye,6.15
1967,Türkiye,6.06
1968,Türkiye,5.96
1969,Türkiye,5.87
1970,Türkiye,5.78
1971,Türkiye,5.67
1972,Türkiye,5.55
1973,Türkiye,5.41
1974,Türkiye,5.24
1975,Türkiye,5.09
1976,Türkiye,4.93
1977,Türkiye,4.78
1978,Türkiye,4.69
1979,Türkiye,4.58
1980,Türkiye,4.45
1981,Türkiye,4.35
1982,Türkiye,4.21
1983,Türkiye,4.06
1984,Türkiye,3.91
1985,Türkiye,3.78
1986,Türkiye,3.66
1987,Türkiye,3.54
1988,Türkiye,3.44
1989,Türkiye,3.34
1990,Türkiye,3.11
1991,Türkiye,3.0
1992,Türkiye,2.94
1993,Türkiye,2.92
1994,Türkiye,2.87
1995,Türkiye,2.83
1996,Türkiye,2.78
1997,Türkiye,2.74
1998,Türkiye,2.71
1999,Türkiye,2.63
2000,Türkiye,2.49
2001,Türkiye,2.39
2002,Türkiye,2.27
2003,Türkiye,2.2
2004,Türkiye,2.2
2005,Türkiye,2.2
2006,Türkiye,2.19
2007,Türkiye,2.16
2008,Türkiye,2.15
2009,Türkiye,2.1
2010,Türkiye,2.08
2011,Türkiye,2.05
2012,Türkiye,2.11
2013,Türkiye,2.11
2014,Türkiye,2.19
2015,Türkiye,2.16
2016,Türkiye,2.11
2017,Türkiye,2.08
2018,Türkiye,2.0
2019,Türkiye,1.89
2020,Türkiye,1.77
2021,Türkiye,1.71
2022,Türkiye,1.63
2023,Türkiye,1.51
2024,Türkiye,1.48
1960,Denmark,2.57
1961,Denmark,2.55
1962,Denmark,2.55
1963,Denmark,2.67
1964,Denmark,2.6
1965,Denmark,2.61
1966,Denmark,2.62
1967,Denmark,2.35
1968,Denmark,2.12
1969,Denmark,2.0
1970,Denmark,1.95
1971,Denmark,2.04
1972,Denmark,2.03
1973,Denmark,1.92
1974,Denmark,1.9
1975,Denmark,1.92
1976,Denmark,1.75
1977,Denmark,1.66
1978,Denmark,1.67
1979,Denmark,1.6
1980,Denmark,1.55
1981,Denmark,1.44
1982,Denmark,1.43
1983,Denmark,1.38
1984,Denmark,1.4
1985,Denmark,1.45
1986,Denmark,1.48
1987,Denmark,1.5
1988,Denmark,1.56
1989,Denmark,1.62
1990,Denmark,1.67
1991,Denmark,1.68
1992,Denmark,1.76
1993,Denmark,1.75
1994,Denmark,1.81
1995,Denmark,1.8
1996,Denmark,1.75
1997,Denmark,1.75
1998,Denmark,1.72
1999,Denmark,1.73
2000,Denmark,1.77
2001,Denmark,1.74
2002,Denmark,1.72
2003,Denmark,1.76
2004,Denmark,1.78
2005,Denmark,1.8
2006,Denmark,1.85
2007,Denmark,1.84
2008,Denmark,1.89
2009,Denmark,1.84
2010,Denmark,1.87
2011,Denmark,1.75
2012,Denmark,1.73
2013,Denmark,1.67
2014,Denmark,1.69
2015,Denmark,1.71
2016,Denmark,1.79
2017,Denmark,1.75
2018,Denmark,1.73
2019,Denmark,1.7
2020,Denmark,1.68
2021,Denmark,1.72
2022,Denmark,1.55
2023,Denmark,1.5
2024,Denmark,1.47
1960,Ireland,3.78
1961,Ireland,3.78
1962,Ireland,3.92
1963,Ireland,4.01
1964,Ireland,4.07
1965,Ireland,4.04
1966,Ireland,3.94
1967,Ireland,3.84
1968,Ireland,3.77
1969,Ireland,3.83
1970,Ireland,3.85
1971,Ireland,3.93
1972,Ireland,3.84
1973,Ireland,3.71
1974,Ireland,3.59
1975,Ireland,3.37
1976,Ireland,3.29
1977,Ireland,3.24
1978,Ireland,3.21
1979,Ireland,3.21
1980,Ireland,3.21
1981,Ireland,3.05
1982,Ireland,2.94
1983,Ireland,2.74
1984,Ireland,2.58
1985,Ireland,2.48
1986,Ireland,2.44
1987,Ireland,2.32
1988,Ireland,2.17
1989,Ireland,2.08
1990,Ireland,2.11
1991,Ireland,2.08
1992,Ireland,1.99
1993,Ireland,1.9
1994,Ireland,1.85
1995,Ireland,1.84
1996,Ireland,1.88
1997,Ireland,1.93
1998,Ireland,1.94
1999,Ireland,1.9
2000,Ireland,1.89
2001,Ireland,1.94
2002,Ireland,1.97
2003,Ireland,1.96
2004,Ireland,1.93
2005,Ireland,1.86
2006,Ireland,1.91
2007,Ireland,2.01
2008,Ireland,2.06
2009,Ireland,2.06
2010,Ireland,2.05
2011,Ireland,2.03
2012,Ireland,1.98
2013,Ireland,1.93
2014,Ireland,1.89
2015,Ireland,1.85
2016,Ireland,1.81
2017,Ireland,1.76
2018,Ireland,1.74
2019,Ireland,1.69
2020,Ireland,1.6
2021,Ireland,1.72
2022,Ireland,1.51
2023,Ireland,1.5
2024,Ireland,1.47
1960,Croatia,2.24
1961,Croatia,2.22
1962,Croatia,2.19
1963,Croatia,2.15
1964,Croatia,2.14
1965,Croatia,2.22
1966,Croatia,2.23
1967,Croatia,2.1
1968,Croatia,2.03
1969,Croatia,1.95
1970,Croatia,1.88
1971,Croatia,1.97
1972,Croatia,2.01
1973,Croatia,2.01
1974,Croatia,1.98
1975,Croatia,1.95
1976,Croatia,1.94
1977,Croatia,1.95
1978,Croatia,1.96
1979,Croatia,1.95
1980,Croatia,1.93
1981,Croatia,1.93
1982,Croatia,1.9
1983,Croatia,1.88
1984,Croatia,1.87
1985,Croatia,1.82
1986,Croatia,1.76
1987,Croatia,1.64
1988,Croatia,1.79
1989,Croatia,1.63
1990,Croatia,1.63
1991,Croatia,1.53
1992,Croatia,1.48
1993,Croatia,1.52
1994,Croatia,1.47
1995,Croatia,1.58
1996,Croatia,1.67
1997,Croatia,1.69
1998,Croatia,1.45
1999,Croatia,1.38
2000,Croatia,1.39
2001,Croatia,1.46
2002,Croatia,1.42
2003,Croatia,1.41
2004,Croatia,1.43
2005,Croatia,1.5
2006,Croatia,1.47
2007,Croatia,1.48
2008,Croatia,1.47
2009,Croatia,1.5
2010,Croatia,1.46
2011,Croatia,1.41
2012,Croatia,1.52
2013,Croatia,1.46
2014,Croatia,1.46
2015,Croatia,1.41
2016,Croatia,1.43
2017,Croatia,1.42
2018,Croatia,1.47
2019,Croatia,1.47
2020,Croatia,1.48
2021,Croatia,1.62
2022,Croatia,1.53
2023,Croatia,1.46
2024,Croatia,1.46
1960,Slovakia,3.04
1961,Slovakia,2.96
1962,Slovakia,2.83
1963,Slovakia,2.92
1964,Slovakia,2.89
1965,Slovakia,2.78
1966,Slovakia,2.66
1967,Slovakia,2.48
1968,Slovakia,2.39
1969,Slovakia,2.43
1970,Slovakia,2.41
1971,Slovakia,2.43
1972,Slovakia,2.49
1973,Slovakia,2.56
1974,Slovakia,2.61
1975,Slovakia,2.55
1976,Slovakia,2.55
1977,Slovakia,2.49
1978,Slovakia,2.47
1979,Slovakia,2.45
1980,Slovakia,2.32
1981,Slovakia,2.29
1982,Slovakia,2.28
1983,Slovakia,2.28
1984,Slovakia,2.26
1985,Slovakia,2.26
1986,Slovakia,2.2
1987,Slovakia,2.14
1988,Slovakia,2.13
1989,Slovakia,2.07
1990,Slovakia,2.09
1991,Slovakia,2.05
1992,Slovakia,1.93
1993,Slovakia,1.87
1994,Slovakia,1.67
1995,Slovakia,1.52
1996,Slovakia,1.47
1997,Slovakia,1.43
1998,Slovakia,1.37
1999,Slovakia,1.33
2000,Slovakia,1.3
2001,Slovakia,1.2
2002,Slovakia,1.19
2003,Slovakia,1.2
2004,Slovakia,1.25
2005,Slovakia,1.27
2006,Slovakia,1.25
2007,Slovakia,1.27
2008,Slovakia,1.34
2009,Slovakia,1.44
2010,Slovakia,1.43
2011,Slovakia,1.45
2012,Slovakia,1.34
2013,Slovakia,1.34
2014,Slovakia,1.37
2015,Slovakia,1.4
2016,Slovakia,1.48
2017,Slovakia,1.52
2018,Slovakia,1.54
2019,Slovakia,1.57
2020,Slovakia,1.59
2021,Slovakia,1.63
2022,Slovakia,1.57
2023,Slovakia,1.49
2024,Slovakia,1.46
1960,Cuba,4.13
1961,Cuba,4.26
1962,Cuba,4.42
1963,Cuba,4.56
1964,Cuba,4.53
1965,Cuba,4.5
1966,Cuba,4.4
1967,Cuba,4.29
1968,Cuba,4.19
1969,Cuba,4.12
1970,Cuba,3.98
1971,Cuba,3.8
1972,Cuba,3.61
1973,Cuba,3.4
1974,Cuba,3.16
1975,Cuba,2.82
1976,Cuba,2.51
1977,Cuba,2.21
1978,Cuba,1.88
1979,Cuba,1.77
1980,Cuba,1.64
1981,Cuba,1.59
1982,Cuba,1.78
1983,Cuba,1.8
1984,Cuba,1.77
1985,Cuba,1.77
1986,Cuba,1.78
1987,Cuba,1.8
1988,Cuba,1.85
1989,Cuba,1.83
1990,Cuba,1.81
1991,Cuba,1.66
1992,Cuba,1.56
1993,Cuba,1.49
1994,Cuba,1.47
1995,Cuba,1.48
1996,Cuba,1.46
1997,Cuba,1.59
1998,Cuba,1.62
1999,Cuba,1.64
2000,Cuba,1.61
2001,Cuba,1.59
2002,Cuba,1.65
2003,Cuba,1.63
2004,Cuba,1.55
2005,Cuba,1.49
2006,Cuba,1.4
2007,Cuba,1.44
2008,Cuba,1.58
2009,Cuba,1.68
2010,Cuba,1.67
2011,Cuba,1.73
2012,Cuba,1.67
2013,Cuba,1.68
2014,Cuba,1.66
2015,Cuba,1.69
2016,Cuba,1.6
2017,Cuba,1.58
2018,Cuba,1.61
2019,Cuba,1.54
2020,Cuba,1.49
2021,Cuba,1.43
2022,Cuba,1.41
2023,Cuba,1.44
2024,Cuba,1.45
1960,Norway,2.85
1961,Norway,2.94
1962,Norway,2.91
1963,Norway,2.93
1964,Norway,2.98
1965,Norway,2.94
1966,Norway,2.9
1967,Norway,2.81
1968,Norway,2.75
1969,Norway,2.7
1970,Norway,2.5
1971,Norway,2.49
1972,Norway,2.38
1973,Norway,2.23
1974,Norway,2.13
1975,Norway,1.98
1976,Norway,1.86
1977,Norway,1.75
1978,Norway,1.77
1979,Norway,1.75
1980,Norway,1.72
1981,Norway,1.7
1982,Norway,1.71
1983,Norway,1.66
1984,Norway,1.66
1985,Norway,1.68
1986,Norway,1.71
1987,Norway,1.74
1988,Norway,1.84
1989,Norway,1.89
1990,Norway,1.93
1991,Norway,1.92
1992,Norway,1.88
1993,Norway,1.86
1994,Norway,1.87
1995,Norway,1.87
1996,Norway,1.89
1997,Norway,1.86
1998,Norway,1.81
1999,Norway,1.85
2000,Norway,1.85
2001,Norway,1.78
2002,Norway,1.75
2003,Norway,1.8
2004,Norway,1.83
2005,Norway,1.84
2006,Norway,1.9
2007,Norway,1.9
2008,Norway,1.96
2009,Norway,1.98
2010,Norway,1.95
2011,Norway,1.88
2012,Norway,1.85
2013,Norway,1.78
2014,Norway,1.75
2015,Norway,1.72
2016,Norway,1.71
2017,Norway,1.62
2018,Norway,1.56
2019,Norway,1.53
2020,Norway,1.48
2021,Norway,1.55
2022,Norway,1.41
2023,Norway,1.4
2024,Norway,1.45
1960,Belgium,2.54
1961,Belgium,2.63
1962,Belgium,2.59
1963,Belgium,2.68
1964,Belgium,2.71
1965,Belgium,2.61
1966,Belgium,2.52
1967,Belgium,2.41
1968,Belgium,2.31
1969,Belgium,2.27
1970,Belgium,2.25
1971,Belgium,2.21
1972,Belgium,2.09
1973,Belgium,1.95
1974,Belgium,1.83
1975,Belgium,1.74
1976,Belgium,1.73
1977,Belgium,1.71
1978,Belgium,1.69
1979,Belgium,1.69
1980,Belgium,1.68
1981,Belgium,1.66
1982,Belgium,1.61
1983,Belgium,1.57
1984,Belgium,1.54
1985,Belgium,1.51
1986,Belgium,1.54
1987,Belgium,1.54
1988,Belgium,1.57
1989,Belgium,1.58
1990,Belgium,1.62
1991,Belgium,1.66
1992,Belgium,1.65
1993,Belgium,1.61
1994,Belgium,1.56
1995,Belgium,1.56
1996,Belgium,1.59
1997,Belgium,1.6
1998,Belgium,1.6
1999,Belgium,1.62
2000,Belgium,1.67
2001,Belgium,1.67
2002,Belgium,1.65
2003,Belgium,1.67
2004,Belgium,1.72
2005,Belgium,1.76
2006,Belgium,1.8
2007,Belgium,1.82
2008,Belgium,1.85
2009,Belgium,1.84
2010,Belgium,1.86
2011,Belgium,1.81
2012,Belgium,1.8
2013,Belgium,1.76
2014,Belgium,1.74
2015,Belgium,1.7
2016,Belgium,1.68
2017,Belgium,1.65
2018,Belgium,1.62
2019,Belgium,1.6
2020,Belgium,1.55
2021,Belgium,1.6
2022,Belgium,1.53
2023,Belgium,1.47
2024,Belgium,1.44
1960,Mauritius,5.9
1961,Mauritius,5.98
1962,Mauritius,5.88
1963,Mauritius,6.18
1964,Mauritius,5.96
1965,Mauritius,5.51
1966,Mauritius,5.46
1967,Mauritius,4.63
1968,Mauritius,4.6
1969,Mauritius,3.96
1970,Mauritius,3.82
1971,Mauritius,3.51
1972,Mauritius,3.41
1973,Mauritius,3.07
1974,Mauritius,3.45
1975,Mauritius,3.2
1976,Mauritius,3.13
1977,Mauritius,3.07
1978,Mauritius,3.01
1979,Mauritius,2.91
1980,Mauritius,2.8
1981,Mauritius,2.67
1982,Mauritius,2.53
1983,Mauritius,2.4
1984,Mauritius,2.16
1985,Mauritius,2.02
1986,Mauritius,1.99
1987,Mauritius,2.05
1988,Mauritius,2.14
1989,Mauritius,2.23
1990,Mauritius,2.32
1991,Mauritius,2.3
1992,Mauritius,2.37
1993,Mauritius,2.21
1994,Mauritius,2.25
1995,Mauritius,2.14
1996,Mauritius,2.12
1997,Mauritius,2.04
1998,Mauritius,1.97
1999,Mauritius,2.05
2000,Mauritius,1.99
2001,Mauritius,1.91
2002,Mauritius,1.94
2003,Mauritius,1.87
2004,Mauritius,1.92
2005,Mauritius,1.88
2006,Mauritius,1.77
2007,Mauritius,1.74
2008,Mauritius,1.67
2009,Mauritius,1.59
2010,Mauritius,1.57
2011,Mauritius,1.55
2012,Mauritius,1.56
2013,Mauritius,1.45
2014,Mauritius,1.44
2015,Mauritius,1.37
2016,Mauritius,1.41
2017,Mauritius,1.46
2018,Mauritius,1.42
2019,Mauritius,1.41
2020,Mauritius,1.46
2021,Mauritius,1.42
2022,Mauritius,1.33
2023,Mauritius,1.4
2024,Mauritius,1.44
1960,Azerbaijan,5.88
1961,Azerbaijan,5.94
1962,Azerbaijan,5.96
1963,Azerbaijan,5.95
1964,Azerbaijan,5.89
1965,Azerbaijan,5.79
1966,Azerbaijan,5.66
1967,Azerbaijan,5.38
1968,Azerbaijan,5.22
1969,Azerbaijan,5.07
1970,Azerbaijan,4.91
1971,Azerbaijan,4.77
1972,Azerbaijan,4.62
1973,Azerbaijan,4.45
1974,Azerbaijan,4.33
1975,Azerbaijan,4.18
1976,Azerbaijan,4.02
1977,Azerbaijan,3.87
1978,Azerbaijan,3.73
1979,Azerbaijan,3.6
1980,Azerbaijan,3.5
1981,Azerbaijan,3.41
1982,Azerbaijan,3.34
1983,Azerbaijan,3.29
1984,Azerbaijan,3.26
1985,Azerbaijan,2.91
1986,Azerbaijan,2.9
1987,Azerbaijan,2.9
1988,Azerbaijan,2.8
1989,Azerbaijan,2.8
1990,Azerbaijan,2.74
1991,Azerbaijan,2.87
1992,Azerbaijan,2.74
1993,Azerbaijan,2.7
1994,Azerbaijan,2.52
1995,Azerbaijan,2.29
1996,Azerbaijan,2.06
1997,Azerbaijan,2.07
1998,Azerbaijan,2.0
1999,Azerbaijan,2.07
2000,Azerbaijan,2.0
2001,Azerbaijan,1.8
2002,Azerbaijan,1.8
2003,Azerbaijan,1.9
2004,Azerbaijan,2.05
2005,Azerbaijan,2.0
2006,Azerbaijan,1.97
2007,Azerbaijan,1.97
2008,Azerbaijan,1.9
2009,Azerbaijan,1.82
2010,Azerbaijan,1.92
2011,Azerbaijan,1.96
2012,Azerbaijan,2.0
2013,Azerbaijan,1.98
2014,Azerbaijan,1.97
2015,Azerbaijan,1.94
2016,Azerbaijan,1.9
2017,Azerbaijan,1.75
2018,Azerbaijan,1.73
2019,Azerbaijan,1.81
2020,Azerbaijan,1.7
2021,Azerbaijan,1.52
2022,Azerbaijan,1.67
2023,Azerbaijan,1.55
2024,Azerbaijan,1.43
1960,Netherlands,3.12
1961,Netherlands,3.22
1962,Netherlands,3.18
1963,Netherlands,3.19
1964,Netherlands,3.17
1965,Netherlands,3.04
1966,Netherlands,2.9
1967,Netherlands,2.81
1968,Netherlands,2.72
1969,Netherlands,2.75
1970,Netherlands,2.57
1971,Netherlands,2.36
1972,Netherlands,2.15
1973,Netherlands,1.9
1974,Netherlands,1.77
1975,Netherlands,1.66
1976,Netherlands,1.63
1977,Netherlands,1.58
1978,Netherlands,1.58
1979,Netherlands,1.56
1980,Netherlands,1.6
1981,Netherlands,1.56
1982,Netherlands,1.5
1983,Netherlands,1.47
1984,Netherlands,1.49
1985,Netherlands,1.51
1986,Netherlands,1.55
1987,Netherlands,1.56
1988,Netherlands,1.55
1989,Netherlands,1.55
1990,Netherlands,1.62
1991,Netherlands,1.61
1992,Netherlands,1.59
1993,Netherlands,1.57
1994,Netherlands,1.57
1995,Netherlands,1.53
1996,Netherlands,1.53
1997,Netherlands,1.56
1998,Netherlands,1.63
1999,Netherlands,1.65
2000,Netherlands,1.72
2001,Netherlands,1.71
2002,Netherlands,1.73
2003,Netherlands,1.75
2004,Netherlands,1.72
2005,Netherlands,1.71
2006,Netherlands,1.72
2007,Netherlands,1.72
2008,Netherlands,1.77
2009,Netherlands,1.79
2010,Netherlands,1.79
2011,Netherlands,1.76
2012,Netherlands,1.72
2013,Netherlands,1.68
2014,Netherlands,1.71
2015,Netherlands,1.66
2016,Netherlands,1.66
2017,Netherlands,1.62
2018,Netherlands,1.59
2019,Netherlands,1.57
2020,Netherlands,1.54
2021,Netherlands,1.62
2022,Netherlands,1.49
2023,Netherlands,1.43
2024,Netherlands,1.43
1960,Sweden,2.17
1961,Sweden,2.21
1962,Sweden,2.25
1963,Sweden,2.33
1964,Sweden,2.47
1965,Sweden,2.39
1966,Sweden,2.37
1967,Sweden,2.28
1968,Sweden,2.07
1969,Sweden,1.93
1970,Sweden,1.92
1971,Sweden,1.96
1972,Sweden,1.91
1973,Sweden,1.87
1974,Sweden,1.87
1975,Sweden,1.77
1976,Sweden,1.68
1977,Sweden,1.64
1978,Sweden,1.6
1979,Sweden,1.66
1980,Sweden,1.68
1981,Sweden,1.63
1982,Sweden,1.62
1983,Sweden,1.61
1984,Sweden,1.66
1985,Sweden,1.74
1986,Sweden,1.8
1987,Sweden,1.84
1988,Sweden,1.96
1989,Sweden,2.01
1990,Sweden,2.13
1991,Sweden,2.11
1992,Sweden,2.09
1993,Sweden,1.99
1994,Sweden,1.88
1995,Sweden,1.73
1996,Sweden,1.6
1997,Sweden,1.52
1998,Sweden,1.5
1999,Sweden,1.5
2000,Sweden,1.54
2001,Sweden,1.57
2002,Sweden,1.65
2003,Sweden,1.71
2004,Sweden,1.75
2005,Sweden,1.77
2006,Sweden,1.85
2007,Sweden,1.88
2008,Sweden,1.91
2009,Sweden,1.94
2010,Sweden,1.98
2011,Sweden,1.9
2012,Sweden,1.91
2013,Sweden,1.89
2014,Sweden,1.88
2015,Sweden,1.85
2016,Sweden,1.85
2017,Sweden,1.78
2018,Sweden,1.76
2019,Sweden,1.71
2020,Sweden,1.67
2021,Sweden,1.67
2022,Sweden,1.53
2023,Sweden,1.45
2024,Sweden,1.43
1960,Russia,2.52
1961,Russia,2.45
1962,Russia,2.36
1963,Russia,2.27
1964,Russia,2.18
1965,Russia,2.13
1966,Russia,2.1
1967,Russia,2.04
1968,Russia,1.99
1969,Russia,1.97
1970,Russia,1.99
1971,Russia,2.03
1972,Russia,2.04
1973,Russia,2.01
1974,Russia,2.0
1975,Russia,1.98
1976,Russia,1.97
1977,Russia,1.95
1978,Russia,1.92
1979,Russia,1.9
1980,Russia,1.89
1981,Russia,1.91
1982,Russia,2.04
1983,Russia,2.11
1984,Russia,2.06
1985,Russia,2.05
1986,Russia,2.15
1987,Russia,2.22
1988,Russia,2.12
1989,Russia,2.01
1990,Russia,1.89
1991,Russia,1.73
1992,Russia,1.55
1993,Russia,1.39
1994,Russia,1.4
1995,Russia,1.34
1996,Russia,1.27
1997,Russia,1.22
1998,Russia,1.23
1999,Russia,1.16
2000,Russia,1.2
2001,Russia,1.22
2002,Russia,1.29
2003,Russia,1.32
2004,Russia,1.34
2005,Russia,1.29
2006,Russia,1.3
2007,Russia,1.42
2008,Russia,1.5
2009,Russia,1.54
2010,Russia,1.57
2011,Russia,1.58
2012,Russia,1.69
2013,Russia,1.71
2014,Russia,1.75
2015,Russia,1.78
2016,Russia,1.76
2017,Russia,1.62
2018,Russia,1.58
2019,Russia,1.5
2020,Russia,1.5
2021,Russia,1.5
2022,Russia,1.42
2023,Russia,1.41
2024,Russia,1.42
1960,Hungary,2.02
1961,Hungary,1.94
1962,Hungary,1.79
1963,Hungary,1.82
1964,Hungary,1.82
1965,Hungary,1.82
1966,Hungary,1.89
1967,Hungary,2.01
1968,Hungary,2.06
1969,Hungary,2.04
1970,Hungary,1.98
1971,Hungary,1.93
1972,Hungary,1.93
1973,Hungary,1.93
1974,Hungary,2.27
1975,Hungary,2.35
1976,Hungary,2.23
1977,Hungary,2.15
1978,Hungary,2.06
1979,Hungary,2.01
1980,Hungary,1.91
1981,Hungary,1.88
1982,Hungary,1.8
1983,Hungary,1.75
1984,Hungary,1.75
1985,Hungary,1.85
1986,Hungary,1.84
1987,Hungary,1.82
1988,Hungary,1.81
1989,Hungary,1.82
1990,Hungary,1.87
1991,Hungary,1.87
1992,Hungary,1.77
1993,Hungary,1.68
1994,Hungary,1.64
1995,Hungary,1.57
1996,Hungary,1.46
1997,Hungary,1.37
1998,Hungary,1.32
1999,Hungary,1.28
2000,Hungary,1.32
2001,Hungary,1.31
2002,Hungary,1.3
2003,Hungary,1.27
2004,Hungary,1.28
2005,Hungary,1.31
2006,Hungary,1.34
2007,Hungary,1.32
2008,Hungary,1.35
2009,Hungary,1.32
2010,Hungary,1.25
2011,Hungary,1.23
2012,Hungary,1.34
2013,Hungary,1.36
2014,Hungary,1.45
2015,Hungary,1.46
2016,Hungary,1.55
2017,Hungary,1.56
2018,Hungary,1.57
2019,Hungary,1.58
2020,Hungary,1.61
2021,Hungary,1.63
2022,Hungary,1.57
2023,Hungary,1.55
2024,Hungary,1.41
1960,Portugal,3.16
1961,Portugal,3.21
1962,Portugal,3.23
1963,Portugal,3.12
1964,Portugal,3.21
1965,Portugal,3.15
1966,Portugal,3.16
1967,Portugal,3.16
1968,Portugal,3.12
1969,Portugal,3.12
1970,Portugal,3.01
1971,Portugal,3.0
1972,Portugal,2.86
1973,Portugal,2.77
1974,Portugal,2.7
1975,Portugal,2.75
1976,Portugal,2.82
1977,Portugal,2.69
1978,Portugal,2.45
1979,Portugal,2.31
1980,Portugal,2.25
1981,Portugal,2.13
1982,Portugal,2.07
1983,Portugal,1.95
1984,Portugal,1.9
1985,Portugal,1.72
1986,Portugal,1.66
1987,Portugal,1.62
1988,Portugal,1.61
1989,Portugal,1.57
1990,Portugal,1.56
1991,Portugal,1.56
1992,Portugal,1.54
1993,Portugal,1.52
1994,Portugal,1.45
1995,Portugal,1.41
1996,Portugal,1.44
1997,Portugal,1.47
1998,Portugal,1.47
1999,Portugal,1.5
2000,Portugal,1.55
2001,Portugal,1.45
2002,Portugal,1.46
2003,Portugal,1.44
2004,Portugal,1.4
2005,Portugal,1.41
2006,Portugal,1.37
2007,Portugal,1.35
2008,Portugal,1.39
2009,Portugal,1.34
2010,Portugal,1.39
2011,Portugal,1.35
2012,Portugal,1.28
2013,Portugal,1.21
2014,Portugal,1.24
2015,Portugal,1.31
2016,Portugal,1.37
2017,Portugal,1.38
2018,Portugal,1.42
2019,Portugal,1.44
2020,Portugal,1.42
2021,Portugal,1.35
2022,Portugal,1.43
2023,Portugal,1.45
2024,Portugal,1.41
1960,N. Macedonia,3.83
1961,N. Macedonia,3.62
1962,N. Macedonia,3.5
1963,N. Macedonia,3.62
1964,N. Macedonia,3.56
1965,N. Macedonia,3.52
1966,N. Macedonia,3.43
1967,N. Macedonia,3.33
1968,N. Macedonia,3.22
1969,N. Macedonia,3.1
1970,N. Macedonia,3.01
1971,N. Macedonia,2.93
1972,N. Macedonia,2.87
1973,N. Macedonia,2.72
1974,N. Macedonia,2.7
1975,N. Macedonia,2.69
1976,N. Macedonia,2.62
1977,N. Macedonia,2.49
1978,N. Macedonia,2.42
1979,N. Macedonia,2.4
1980,N. Macedonia,2.36
1981,N. Macedonia,2.29
1982,N. Macedonia,2.29
1983,N. Macedonia,2.25
1984,N. Macedonia,2.24
1985,N. Macedonia,2.25
1986,N. Macedonia,2.25
1987,N. Macedonia,2.31
1988,N. Macedonia,2.32
1989,N. Macedonia,2.25
1990,N. Macedonia,2.27
1991,N. Macedonia,2.31
1992,N. Macedonia,2.28
1993,N. Macedonia,2.26
1994,N. Macedonia,2.23
1995,N. Macedonia,2.13
1996,N. Macedonia,2.06
1997,N. Macedonia,1.92
1998,N. Macedonia,1.89
1999,N. Macedonia,1.77
2000,N. Macedonia,1.86
2001,N. Macedonia,1.73
2002,N. Macedonia,1.79
2003,N. Macedonia,1.75
2004,N. Macedonia,1.52
2005,N. Macedonia,1.5
2006,N. Macedonia,1.46
2007,N. Macedonia,1.46
2008,N. Macedonia,1.47
2009,N. Macedonia,1.5
2010,N. Macedonia,1.6
2011,N. Macedonia,1.46
2012,N. Macedonia,1.5
2013,N. Macedonia,1.5
2014,N. Macedonia,1.5
2015,N. Macedonia,1.49
2016,N. Macedonia,1.5
2017,N. Macedonia,1.43
2018,N. Macedonia,1.42
2019,N. Macedonia,1.34
2020,N. Macedonia,1.31
2021,N. Macedonia,1.6
2022,N. Macedonia,1.6
2023,N. Macedonia,1.5
2024,N. Macedonia,1.4
1960,Uruguay,2.83
1961,Uruguay,2.85
1962,Uruguay,2.87
1963,Uruguay,2.88
1964,Uruguay,2.86
1965,Uruguay,2.84
1966,Uruguay,2.82
1967,Uruguay,2.78
1968,Uruguay,2.77
1969,Uruguay,2.77
1970,Uruguay,2.77
1971,Uruguay,2.77
1972,Uruguay,2.78
1973,Uruguay,2.85
1974,Uruguay,2.96
1975,Uruguay,3.02
1976,Uruguay,3.0
1977,Uruguay,2.9
1978,Uruguay,2.83
1979,Uruguay,2.71
1980,Uruguay,2.59
1981,Uruguay,2.53
1982,Uruguay,2.51
1983,Uruguay,2.49
1984,Uruguay,2.47
1985,Uruguay,2.47
1986,Uruguay,2.47
1987,Uruguay,2.49
1988,Uruguay,2.5
1989,Uruguay,2.5
1990,Uruguay,2.48
1991,Uruguay,2.45
1992,Uruguay,2.43
1993,Uruguay,2.41
1994,Uruguay,2.42
1995,Uruguay,2.4
1996,Uruguay,2.36
1997,Uruguay,2.33
1998,Uruguay,2.27
1999,Uruguay,2.25
2000,Uruguay,2.2
2001,Uruguay,2.16
2002,Uruguay,2.16
2003,Uruguay,2.12
2004,Uruguay,2.09
2005,Uruguay,2.1
2006,Uruguay,2.07
2007,Uruguay,2.05
2008,Uruguay,2.03
2009,Uruguay,2.02
2010,Uruguay,2.01
2011,Uruguay,1.99
2012,Uruguay,2.01
2013,Uruguay,2.03
2014,Uruguay,2.03
2015,Uruguay,2.04
2016,Uruguay,1.97
2017,Uruguay,1.82
2018,Uruguay,1.68
2019,Uruguay,1.57
2020,Uruguay,1.5
2021,Uruguay,1.45
2022,Uruguay,1.43
2023,Uruguay,1.41
2024,Uruguay,1.4
1960,Romania,2.34
1961,Romania,2.17
1962,Romania,2.04
1963,Romania,2.01
1964,Romania,1.96
1965,Romania,1.91
1966,Romania,1.9
1967,Romania,3.66
1968,Romania,3.63
1969,Romania,3.19
1970,Romania,2.89
1971,Romania,2.67
1972,Romania,2.55
1973,Romania,2.44
1974,Romania,2.71
1975,Romania,2.59
1976,Romania,2.54
1977,Romania,2.57
1978,Romania,2.52
1979,Romania,2.49
1980,Romania,2.43
1981,Romania,2.36
1982,Romania,2.17
1983,Romania,2.06
1984,Romania,2.26
1985,Romania,2.31
1986,Romania,2.39
1987,Romania,2.38
1988,Romania,2.3
1989,Romania,2.22
1990,Romania,1.83
1991,Romania,1.59
1992,Romania,1.51
1993,Romania,1.43
1994,Romania,1.4
1995,Romania,1.33
1996,Romania,1.3
1997,Romania,1.32
1998,Romania,1.32
1999,Romania,1.3
2000,Romania,1.31
2001,Romania,1.27
2002,Romania,1.27
2003,Romania,1.3
2004,Romania,1.33
2005,Romania,1.4
2006,Romania,1.42
2007,Romania,1.45
2008,Romania,1.6
2009,Romania,1.66
2010,Romania,1.59
2011,Romania,1.47
2012,Romania,1.52
2013,Romania,1.46
2014,Romania,1.56
2015,Romania,1.62
2016,Romania,1.69
2017,Romania,1.78
2018,Romania,1.76
2019,Romania,1.77
2020,Romania,1.8
2021,Romania,1.81
2022,Romania,1.71
2023,Romania,1.54
2024,Romania,1.39
1960,Cyprus,3.39
1961,Cyprus,3.62
1962,Cyprus,3.51
1963,Cyprus,3.49
1964,Cyprus,3.41
1965,Cyprus,3.47
1966,Cyprus,3.4
1967,Cyprus,3.32
1968,Cyprus,3.27
1969,Cyprus,3.19
1970,Cyprus,3.06
1971,Cyprus,3.04
1972,Cyprus,2.99
1973,Cyprus,2.4
1974,Cyprus,2.28
1975,Cyprus,2.11
1976,Cyprus,2.33
1977,Cyprus,2.09
1978,Cyprus,2.08
1979,Cyprus,2.14
1980,Cyprus,2.3
1981,Cyprus,2.15
1982,Cyprus,2.49
1983,Cyprus,2.49
1984,Cyprus,2.51
1985,Cyprus,2.43
1986,Cyprus,2.45
1987,Cyprus,2.39
1988,Cyprus,2.47
1989,Cyprus,2.37
1990,Cyprus,2.4
1991,Cyprus,2.34
1992,Cyprus,2.46
1993,Cyprus,2.25
1994,Cyprus,2.16
1995,Cyprus,2.03
1996,Cyprus,1.95
1997,Cyprus,1.86
1998,Cyprus,1.76
1999,Cyprus,1.67
2000,Cyprus,1.64
2001,Cyprus,1.57
2002,Cyprus,1.5
2003,Cyprus,1.5
2004,Cyprus,1.51
2005,Cyprus,1.48
2006,Cyprus,1.51
2007,Cyprus,1.45
2008,Cyprus,1.48
2009,Cyprus,1.48
2010,Cyprus,1.43
2011,Cyprus,1.36
2012,Cyprus,1.38
2013,Cyprus,1.3
2014,Cyprus,1.31
2015,Cyprus,1.32
2016,Cyprus,1.36
2017,Cyprus,1.32
2018,Cyprus,1.32
2019,Cyprus,1.33
2020,Cyprus,1.36
2021,Cyprus,1.39
2022,Cyprus,1.39
2023,Cyprus,1.39
2024,Cyprus,1.38
1960,Czechia,2.09
1961,Czechia,2.11
1962,Czechia,2.12
1963,Czechia,2.31
1964,Czechia,2.34
1965,Czechia,2.18
1966,Czechia,2.02
1967,Czechia,1.91
1968,Czechia,1.84
1969,Czechia,1.87
1970,Czechia,1.92
1971,Czechia,2.0
1972,Czechia,2.09
1973,Czechia,2.31
1974,Czechia,2.46
1975,Czechia,2.43
1976,Czechia,2.39
1977,Czechia,2.34
1978,Czechia,2.33
1979,Czechia,2.27
1980,Czechia,2.08
1981,Czechia,2.0
1982,Czechia,2.0
1983,Czechia,1.97
1984,Czechia,1.97
1985,Czechia,1.95
1986,Czechia,1.92
1987,Czechia,1.91
1988,Czechia,1.94
1989,Czechia,1.87
1990,Czechia,1.9
1991,Czechia,1.86
1992,Czechia,1.71
1993,Czechia,1.67
1994,Czechia,1.44
1995,Czechia,1.28
1996,Czechia,1.18
1997,Czechia,1.17
1998,Czechia,1.16
1999,Czechia,1.13
2000,Czechia,1.15
2001,Czechia,1.15
2002,Czechia,1.17
2003,Czechia,1.18
2004,Czechia,1.23
2005,Czechia,1.29
2006,Czechia,1.34
2007,Czechia,1.45
2008,Czechia,1.51
2009,Czechia,1.51
2010,Czechia,1.51
2011,Czechia,1.43
2012,Czechia,1.45
2013,Czechia,1.46
2014,Czechia,1.53
2015,Czechia,1.57
2016,Czechia,1.63
2017,Czechia,1.69
2018,Czechia,1.71
2019,Czechia,1.71
2020,Czechia,1.74
2021,Czechia,1.83
2022,Czechia,1.64
2023,Czechia,1.46
2024,Czechia,1.36
1960,Germany,2.37
1961,Germany,2.45
1962,Germany,2.44
1963,Germany,2.51
1964,Germany,2.54
1965,Germany,2.5
1966,Germany,2.53
1967,Germany,2.48
1968,Germany,2.38
1969,Germany,2.21
1970,Germany,2.03
1971,Germany,1.92
1972,Germany,1.71
1973,Germany,1.54
1974,Germany,1.51
1975,Germany,1.45
1976,Germany,1.45
1977,Germany,1.4
1978,Germany,1.38
1979,Germany,1.38
1980,Germany,1.44
1981,Germany,1.43
1982,Germany,1.41
1983,Germany,1.33
1984,Germany,1.29
1985,Germany,1.37
1986,Germany,1.43
1987,Germany,1.43
1988,Germany,1.46
1989,Germany,1.42
1990,Germany,1.45
1991,Germany,1.33
1992,Germany,1.29
1993,Germany,1.28
1994,Germany,1.24
1995,Germany,1.25
1996,Germany,1.3
1997,Germany,1.35
1998,Germany,1.36
1999,Germany,1.36
2000,Germany,1.38
2001,Germany,1.35
2002,Germany,1.34
2003,Germany,1.34
2004,Germany,1.36
2005,Germany,1.34
2006,Germany,1.33
2007,Germany,1.37
2008,Germany,1.38
2009,Germany,1.36
2010,Germany,1.39
2011,Germany,1.39
2012,Germany,1.41
2013,Germany,1.42
2014,Germany,1.47
2015,Germany,1.5
2016,Germany,1.6
2017,Germany,1.57
2018,Germany,1.57
2019,Germany,1.54
2020,Germany,1.53
2021,Germany,1.58
2022,Germany,1.46
2023,Germany,1.39
2024,Germany,1.36
1960,Jamaica,5.54
1961,Jamaica,5.6
1962,Jamaica,5.63
1963,Jamaica,5.73
1964,Jamaica,5.79
1965,Jamaica,5.72
1966,Jamaica,5.69
1967,Jamaica,5.67
1968,Jamaica,5.58
1969,Jamaica,5.47
1970,Jamaica,5.35
1971,Jamaica,5.21
1972,Jamaica,5.06
1973,Jamaica,5.0
1974,Jamaica,4.67
1975,Jamaica,4.44
1976,Jamaica,4.21
1977,Jamaica,4.0
1978,Jamaica,3.84
1979,Jamaica,3.72
1980,Jamaica,3.59
1981,Jamaica,3.51
1982,Jamaica,3.46
1983,Jamaica,3.41
1984,Jamaica,3.32
1985,Jamaica,3.21
1986,Jamaica,3.11
1987,Jamaica,3.02
1988,Jamaica,2.98
1989,Jamaica,2.93
1990,Jamaica,2.96
1991,Jamaica,3.0
1992,Jamaica,3.03
1993,Jamaica,2.99
1994,Jamaica,2.93
1995,Jamaica,2.85
1996,Jamaica,2.77
1997,Jamaica,2.68
1998,Jamaica,2.57
1999,Jamaica,2.46
2000,Jamaica,2.35
2001,Jamaica,2.3
2002,Jamaica,2.27
2003,Jamaica,2.24
2004,Jamaica,2.2
2005,Jamaica,2.15
2006,Jamaica,2.09
2007,Jamaica,2.02
2008,Jamaica,1.95
2009,Jamaica,1.88
2010,Jamaica,1.8
2011,Jamaica,1.72
2012,Jamaica,1.65
2013,Jamaica,1.59
2014,Jamaica,1.54
2015,Jamaica,1.51
2016,Jamaica,1.46
2017,Jamaica,1.43
2018,Jamaica,1.4
2019,Jamaica,1.39
2020,Jamaica,1.38
2021,Jamaica,1.38
2022,Jamaica,1.37
2023,Jamaica,1.36
2024,Jamaica,1.35
1960,Albania,6.38
1961,Albania,6.27
1962,Albania,6.11
1963,Albania,5.93
1964,Albania,5.71
1965,Albania,5.47
1966,Albania,5.33
1967,Albania,5.31
1968,Albania,5.32
1969,Albania,5.29
1970,Albania,5.16
1971,Albania,5.08
1972,Albania,4.98
1973,Albania,4.83
1974,Albania,4.7
1975,Albania,4.57
1976,Albania,4.37
1977,Albania,4.2
1978,Albania,4.0
1979,Albania,3.78
1980,Albania,3.59
1981,Albania,3.47
1982,Albania,3.42
1983,Albania,3.32
1984,Albania,3.28
1985,Albania,3.21
1986,Albania,3.14
1987,Albania,3.11
1988,Albania,3.07
1989,Albania,3.03
1990,Albania,3.01
1991,Albania,2.96
1992,Albania,2.88
1993,Albania,2.81
1994,Albania,2.8
1995,Albania,2.76
1996,Albania,2.67
1997,Albania,2.54
1998,Albania,2.42
1999,Albania,2.31
2000,Albania,2.22
2001,Albania,2.14
2002,Albania,2.0
2003,Albania,2.01
2004,Albania,1.89
2005,Albania,1.79
2006,Albania,1.69
2007,Albania,1.63
2008,Albania,1.62
2009,Albania,1.64
2010,Albania,1.65
2011,Albania,1.68
2012,Albania,1.72
2013,Albania,1.74
2014,Albania,1.72
2015,Albania,1.63
2016,Albania,1.55
2017,Albania,1.49
2018,Albania,1.42
2019,Albania,1.4
2020,Albania,1.37
2021,Albania,1.36
2022,Albania,1.35
2023,Albania,1.35
2024,Albania,1.34
1960,Costa Rica,6.71
1961,Costa Rica,6.65
1962,Costa Rica,6.54
1963,Costa Rica,6.39
1964,Costa Rica,6.19
1965,Costa Rica,5.96
1966,Costa Rica,5.7
1967,Costa Rica,5.42
1968,Costa Rica,5.03
1969,Costa Rica,4.83
1970,Costa Rica,4.58
1971,Costa Rica,4.36
1972,Costa Rica,4.16
1973,Costa Rica,3.99
1974,Costa Rica,3.89
1975,Costa Rica,3.8
1976,Costa Rica,3.75
1977,Costa Rica,3.7
1978,Costa Rica,3.66
1979,Costa Rica,3.65
1980,Costa Rica,3.58
1981,Costa Rica,3.56
1982,Costa Rica,3.54
1983,Costa Rica,3.52
1984,Costa Rica,3.52
1985,Costa Rica,3.51
1986,Costa Rica,3.45
1987,Costa Rica,3.38
1988,Costa Rica,3.31
1989,Costa Rica,3.24
1990,Costa Rica,3.17
1991,Costa Rica,3.08
1992,Costa Rica,3.0
1993,Costa Rica,2.93
1994,Costa Rica,2.86
1995,Costa Rica,2.78
1996,Costa Rica,2.68
1997,Costa Rica,2.59
1998,Costa Rica,2.53
1999,Costa Rica,2.48
2000,Costa Rica,2.41
2001,Costa Rica,2.31
2002,Costa Rica,2.16
2003,Costa Rica,2.08
2004,Costa Rica,2.03
2005,Costa Rica,2.04
2006,Costa Rica,1.94
2007,Costa Rica,1.95
2008,Costa Rica,1.98
2009,Costa Rica,1.95
2010,Costa Rica,1.83
2011,Costa Rica,1.88
2012,Costa Rica,1.85
2013,Costa Rica,1.78
2014,Costa Rica,1.8
2015,Costa Rica,1.8
2016,Costa Rica,1.75
2017,Costa Rica,1.71
2018,Costa Rica,1.71
2019,Costa Rica,1.6
2020,Costa Rica,1.45
2021,Costa Rica,1.35
2022,Costa Rica,1.33
2023,Costa Rica,1.33
2024,Costa Rica,1.32
1960,Austria,2.69
1961,Austria,2.78
1962,Austria,2.8
1963,Austria,2.82
1964,Austria,2.79
1965,Austria,2.7
1966,Austria,2.66
1967,Austria,2.62
1968,Austria,2.58
1969,Austria,2.49
1970,Austria,2.29
1971,Austria,2.2
1972,Austria,2.08
1973,Austria,1.94
1974,Austria,1.91
1975,Austria,1.83
1976,Austria,1.69
1977,Austria,1.63
1978,Austria,1.6
1979,Austria,1.6
1980,Austria,1.65
1981,Austria,1.67
1982,Austria,1.66
1983,Austria,1.56
1984,Austria,1.52
1985,Austria,1.47
1986,Austria,1.45
1987,Austria,1.43
1988,Austria,1.45
1989,Austria,1.45
1990,Austria,1.46
1991,Austria,1.51
1992,Austria,1.51
1993,Austria,1.5
1994,Austria,1.47
1995,Austria,1.42
1996,Austria,1.45
1997,Austria,1.39
1998,Austria,1.37
1999,Austria,1.34
2000,Austria,1.36
2001,Austria,1.33
2002,Austria,1.39
2003,Austria,1.38
2004,Austria,1.42
2005,Austria,1.41
2006,Austria,1.41
2007,Austria,1.38
2008,Austria,1.42
2009,Austria,1.39
2010,Austria,1.44
2011,Austria,1.43
2012,Austria,1.44
2013,Austria,1.44
2014,Austria,1.46
2015,Austria,1.49
2016,Austria,1.53
2017,Austria,1.52
2018,Austria,1.47
2019,Austria,1.46
2020,Austria,1.44
2021,Austria,1.48
2022,Austria,1.41
2023,Austria,1.32
2024,Austria,1.31
1960,Switzerland,2.44
1961,Switzerland,2.52
1962,Switzerland,2.58
1963,Switzerland,2.65
1964,Switzerland,2.66
1965,Switzerland,2.59
1966,Switzerland,2.5
1967,Switzerland,2.39
1968,Switzerland,2.29
1969,Switzerland,2.19
1970,Switzerland,2.1
1971,Switzerland,2.04
1972,Switzerland,1.91
1973,Switzerland,1.81
1974,Switzerland,1.73
1975,Switzerland,1.61
1976,Switzerland,1.55
1977,Switzerland,1.53
1978,Switzerland,1.51
1979,Switzerland,1.52
1980,Switzerland,1.55
1981,Switzerland,1.55
1982,Switzerland,1.56
1983,Switzerland,1.52
1984,Switzerland,1.53
1985,Switzerland,1.52
1986,Switzerland,1.53
1987,Switzerland,1.52
1988,Switzerland,1.57
1989,Switzerland,1.56
1990,Switzerland,1.58
1991,Switzerland,1.58
1992,Switzerland,1.58
1993,Switzerland,1.51
1994,Switzerland,1.49
1995,Switzerland,1.48
1996,Switzerland,1.5
1997,Switzerland,1.48
1998,Switzerland,1.47
1999,Switzerland,1.48
2000,Switzerland,1.5
2001,Switzerland,1.38
2002,Switzerland,1.39
2003,Switzerland,1.39
2004,Switzerland,1.42
2005,Switzerland,1.42
2006,Switzerland,1.44
2007,Switzerland,1.46
2008,Switzerland,1.48
2009,Switzerland,1.5
2010,Switzerland,1.52
2011,Switzerland,1.52
2012,Switzerland,1.52
2013,Switzerland,1.52
2014,Switzerland,1.54
2015,Switzerland,1.54
2016,Switzerland,1.54
2017,Switzerland,1.52
2018,Switzerland,1.52
2019,Switzerland,1.48
2020,Switzerland,1.46
2021,Switzerland,1.52
2022,Switzerland,1.39
2023,Switzerland,1.33
2024,Switzerland,1.29
1960,Canada,3.81
1961,Canada,3.75
1962,Canada,3.68
1963,Canada,3.61
1964,Canada,3.46
1965,Canada,3.12
1966,Canada,2.75
1967,Canada,2.53
1968,Canada,2.39
1969,Canada,2.33
1970,Canada,2.26
1971,Canada,2.14
1972,Canada,1.98
1973,Canada,1.89
1974,Canada,1.84
1975,Canada,1.82
1976,Canada,1.8
1977,Canada,1.78
1978,Canada,1.77
1979,Canada,1.75
1980,Canada,1.74
1981,Canada,1.7
1982,Canada,1.69
1983,Canada,1.68
1984,Canada,1.65
1985,Canada,1.67
1986,Canada,1.68
1987,Canada,1.68
1988,Canada,1.68
1989,Canada,1.77
1990,Canada,1.83
1991,Canada,1.72
1992,Canada,1.71
1993,Canada,1.69
1994,Canada,1.69
1995,Canada,1.67
1996,Canada,1.63
1997,Canada,1.57
1998,Canada,1.56
1999,Canada,1.55
2000,Canada,1.51
2001,Canada,1.54
2002,Canada,1.52
2003,Canada,1.55
2004,Canada,1.56
2005,Canada,1.58
2006,Canada,1.63
2007,Canada,1.67
2008,Canada,1.7
2009,Canada,1.69
2010,Canada,1.65
2011,Canada,1.63
2012,Canada,1.63
2013,Canada,1.61
2014,Canada,1.61
2015,Canada,1.6
2016,Canada,1.59
2017,Canada,1.55
2018,Canada,1.51
2019,Canada,1.47
2020,Canada,1.41
2021,Canada,1.44
2022,Canada,1.34
2023,Canada,1.27
2024,Canada,1.25
1960,Finland,2.72
1961,Finland,2.72
1962,Finland,2.68
1963,Finland,2.68
1964,Finland,2.59
1965,Finland,2.48
1966,Finland,2.41
1967,Finland,2.32
1968,Finland,2.14
1969,Finland,1.93
1970,Finland,1.83
1971,Finland,1.68
1972,Finland,1.58
1973,Finland,1.49
1974,Finland,1.61
1975,Finland,1.68
1976,Finland,1.7
1977,Finland,1.68
1978,Finland,1.64
1979,Finland,1.64
1980,Finland,1.63
1981,Finland,1.64
1982,Finland,1.71
1983,Finland,1.74
1984,Finland,1.69
1985,Finland,1.64
1986,Finland,1.6
1987,Finland,1.59
1988,Finland,1.69
1989,Finland,1.71
1990,Finland,1.78
1991,Finland,1.79
1992,Finland,1.85
1993,Finland,1.81
1994,Finland,1.85
1995,Finland,1.81
1996,Finland,1.78
1997,Finland,1.75
1998,Finland,1.7
1999,Finland,1.73
2000,Finland,1.73
2001,Finland,1.73
2002,Finland,1.72
2003,Finland,1.76
2004,Finland,1.8
2005,Finland,1.8
2006,Finland,1.84
2007,Finland,1.83
2008,Finland,1.85
2009,Finland,1.86
2010,Finland,1.87
2011,Finland,1.83
2012,Finland,1.8
2013,Finland,1.75
2014,Finland,1.71
2015,Finland,1.65
2016,Finland,1.57
2017,Finland,1.49
2018,Finland,1.41
2019,Finland,1.35
2020,Finland,1.37
2021,Finland,1.46
2022,Finland,1.32
2023,Finland,1.26
2024,Finland,1.25
1960,Greece,2.23
1961,Greece,2.13
1962,Greece,2.16
1963,Greece,2.14
1964,Greece,2.24
1965,Greece,2.25
1966,Greece,2.32
1967,Greece,2.45
1968,Greece,2.42
1969,Greece,2.36
1970,Greece,2.4
1971,Greece,2.32
1972,Greece,2.32
1973,Greece,2.27
1974,Greece,2.38
1975,Greece,2.33
1976,Greece,2.35
1977,Greece,2.27
1978,Greece,2.28
1979,Greece,2.26
1980,Greece,2.23
1981,Greece,2.09
1982,Greece,2.03
1983,Greece,1.94
1984,Greece,1.83
1985,Greece,1.67
1986,Greece,1.6
1987,Greece,1.5
1988,Greece,1.5
1989,Greece,1.4
1990,Greece,1.39
1991,Greece,1.37
1992,Greece,1.36
1993,Greece,1.32
1994,Greece,1.33
1995,Greece,1.28
1996,Greece,1.26
1997,Greece,1.27
1998,Greece,1.24
1999,Greece,1.23
2000,Greece,1.25
2001,Greece,1.25
2002,Greece,1.28
2003,Greece,1.29
2004,Greece,1.31
2005,Greece,1.34
2006,Greece,1.4
2007,Greece,1.41
2008,Greece,1.5
2009,Greece,1.5
2010,Greece,1.48
2011,Greece,1.4
2012,Greece,1.34
2013,Greece,1.29
2014,Greece,1.3
2015,Greece,1.33
2016,Greece,1.38
2017,Greece,1.35
2018,Greece,1.35
2019,Greece,1.34
2020,Greece,1.39
2021,Greece,1.43
2022,Greece,1.32
2023,Greece,1.26
2024,Greece,1.24
1960,Latvia,1.94
1961,Latvia,1.94
1962,Latvia,1.91
1963,Latvia,1.85
1964,Latvia,1.79
1965,Latvia,1.74
1966,Latvia,1.76
1967,Latvia,1.8
1968,Latvia,1.83
1969,Latvia,1.88
1970,Latvia,1.96
1971,Latvia,2.0
1972,Latvia,2.0
1973,Latvia,1.98
1974,Latvia,1.97
1975,Latvia,1.96
1976,Latvia,1.93
1977,Latvia,1.89
1978,Latvia,1.87
1979,Latvia,1.87
1980,Latvia,1.86
1981,Latvia,1.88
1982,Latvia,1.97
1983,Latvia,2.07
1984,Latvia,2.09
1985,Latvia,2.08
1986,Latvia,2.12
1987,Latvia,2.15
1988,Latvia,2.11
1989,Latvia,2.05
1990,Latvia,2.02
1991,Latvia,1.86
1992,Latvia,1.73
1993,Latvia,1.51
1994,Latvia,1.39
1995,Latvia,1.25
1996,Latvia,1.16
1997,Latvia,1.11
1998,Latvia,1.09
1999,Latvia,1.16
2000,Latvia,1.25
2001,Latvia,1.22
2002,Latvia,1.26
2003,Latvia,1.32
2004,Latvia,1.29
2005,Latvia,1.39
2006,Latvia,1.46
2007,Latvia,1.54
2008,Latvia,1.58
2009,Latvia,1.46
2010,Latvia,1.36
2011,Latvia,1.33
2012,Latvia,1.44
2013,Latvia,1.52
2014,Latvia,1.65
2015,Latvia,1.7
2016,Latvia,1.74
2017,Latvia,1.69
2018,Latvia,1.6
2019,Latvia,1.61
2020,Latvia,1.55
2021,Latvia,1.57
2022,Latvia,1.47
2023,Latvia,1.36
2024,Latvia,1.24
1960,Belarus,2.67
1961,Belarus,2.59
1962,Belarus,2.5
1963,Belarus,2.4
1964,Belarus,2.31
1965,Belarus,2.27
1966,Belarus,2.29
1967,Belarus,2.26
1968,Belarus,2.22
1969,Belarus,2.26
1970,Belarus,2.31
1971,Belarus,2.31
1972,Belarus,2.28
1973,Belarus,2.25
1974,Belarus,2.21
1975,Belarus,2.17
1976,Belarus,2.12
1977,Belarus,2.08
1978,Belarus,2.06
1979,Belarus,2.05
1980,Belarus,2.03
1981,Belarus,2.02
1982,Belarus,2.05
1983,Belarus,2.11
1984,Belarus,2.11
1985,Belarus,2.09
1986,Belarus,2.09
1987,Belarus,2.03
1988,Belarus,2.03
1989,Belarus,2.03
1990,Belarus,1.91
1991,Belarus,1.8
1992,Belarus,1.76
1993,Belarus,1.62
1994,Belarus,1.53
1995,Belarus,1.41
1996,Belarus,1.33
1997,Belarus,1.25
1998,Belarus,1.3
1999,Belarus,1.31
2000,Belarus,1.32
2001,Belarus,1.29
2002,Belarus,1.24
2003,Belarus,1.23
2004,Belarus,1.23
2005,Belarus,1.25
2006,Belarus,1.33
2007,Belarus,1.43
2008,Belarus,1.49
2009,Belarus,1.51
2010,Belarus,1.49
2011,Belarus,1.51
2012,Belarus,1.62
2013,Belarus,1.67
2014,Belarus,1.7
2015,Belarus,1.72
2016,Belarus,1.73
2017,Belarus,1.54
2018,Belarus,1.45
2019,Belarus,1.38
2020,Belarus,1.37
2021,Belarus,1.37
2022,Belarus,1.33
2023,Belarus,1.21
2024,Belarus,1.22
1960,UAE,6.5
1961,UAE,6.49
1962,UAE,6.49
1963,UAE,6.5
1964,UAE,6.49
1965,UAE,6.5
1966,UAE,6.5
1967,UAE,6.51
1968,UAE,6.53
1969,UAE,6.52
1970,UAE,6.52
1971,UAE,6.52
1972,UAE,6.5
1973,UAE,6.46
1974,UAE,6.41
1975,UAE,6.35
1976,UAE,6.29
1977,UAE,6.22
1978,UAE,6.15
1979,UAE,6.06
1980,UAE,5.95
1981,UAE,5.81
1982,UAE,5.66
1983,UAE,5.48
1984,UAE,5.3
1985,UAE,5.12
1986,UAE,5.0
1987,UAE,4.88
1988,UAE,4.77
1989,UAE,4.65
1990,UAE,4.51
1991,UAE,4.25
1992,UAE,4.09
1993,UAE,3.82
1994,UAE,3.76
1995,UAE,3.28
1996,UAE,3.06
1997,UAE,2.83
1998,UAE,2.77
1999,UAE,2.79
2000,UAE,2.73
2001,UAE,2.62
2002,UAE,2.54
2003,UAE,2.49
2004,UAE,2.38
2005,UAE,2.23
2006,UAE,1.96
2007,UAE,1.79
2008,UAE,1.52
2009,UAE,1.58
2010,UAE,1.56
2011,UAE,1.54
2012,UAE,1.53
2013,UAE,1.53
2014,UAE,1.48
2015,UAE,1.42
2016,UAE,1.37
2017,UAE,1.35
2018,UAE,1.29
2019,UAE,1.25
2020,UAE,1.29
2021,UAE,1.16
2022,UAE,1.15
2023,UAE,1.2
2024,UAE,1.21
1960,Thailand,6.33
1961,Thailand,6.32
1962,Thailand,6.33
1963,Thailand,6.34
1964,Thailand,6.31
1965,Thailand,6.26
1966,Thailand,6.18
1967,Thailand,6.08
1968,Thailand,5.93
1969,Thailand,5.7
1970,Thailand,5.45
1971,Thailand,5.25
1972,Thailand,5.08
1973,Thailand,4.84
1974,Thailand,4.6
1975,Thailand,4.36
1976,Thailand,4.12
1977,Thailand,3.87
1978,Thailand,3.62
1979,Thailand,3.45
1980,Thailand,3.29
1981,Thailand,3.13
1982,Thailand,2.94
1983,Thailand,2.75
1984,Thailand,2.58
1985,Thailand,2.45
1986,Thailand,2.36
1987,Thailand,2.25
1988,Thailand,2.17
1989,Thailand,2.14
1990,Thailand,2.06
1991,Thailand,2.04
1992,Thailand,2.01
1993,Thailand,1.97
1994,Thailand,1.93
1995,Thailand,1.89
1996,Thailand,1.86
1997,Thailand,1.84
1998,Thailand,1.81
1999,Thailand,1.77
2000,Thailand,1.73
2001,Thailand,1.71
2002,Thailand,1.69
2003,Thailand,1.67
2004,Thailand,1.67
2005,Thailand,1.64
2006,Thailand,1.63
2007,Thailand,1.62
2008,Thailand,1.59
2009,Thailand,1.56
2010,Thailand,1.56
2011,Thailand,1.57
2012,Thailand,1.56
2013,Thailand,1.53
2014,Thailand,1.48
2015,Thailand,1.45
2016,Thailand,1.4
2017,Thailand,1.36
2018,Thailand,1.32
2019,Thailand,1.28
2020,Thailand,1.26
2021,Thailand,1.23
2022,Thailand,1.22
2023,Thailand,1.21
2024,Thailand,1.2
1960,Estonia,1.98
1961,Estonia,1.98
1962,Estonia,1.95
1963,Estonia,1.89
1964,Estonia,1.94
1965,Estonia,1.88
1966,Estonia,1.87
1967,Estonia,1.9
1968,Estonia,2.03
1969,Estonia,2.13
1970,Estonia,2.17
1971,Estonia,2.19
1972,Estonia,2.13
1973,Estonia,2.06
1974,Estonia,2.07
1975,Estonia,2.04
1976,Estonia,2.07
1977,Estonia,2.06
1978,Estonia,2.02
1979,Estonia,2.0
1980,Estonia,2.02
1981,Estonia,2.07
1982,Estonia,2.07
1983,Estonia,2.16
1984,Estonia,2.17
1985,Estonia,2.13
1986,Estonia,2.18
1987,Estonia,2.27
1988,Estonia,2.27
1989,Estonia,2.22
1990,Estonia,2.05
1991,Estonia,1.8
1992,Estonia,1.71
1993,Estonia,1.49
1994,Estonia,1.42
1995,Estonia,1.38
1996,Estonia,1.37
1997,Estonia,1.32
1998,Estonia,1.28
1999,Estonia,1.3
2000,Estonia,1.36
2001,Estonia,1.32
2002,Estonia,1.36
2003,Estonia,1.37
2004,Estonia,1.47
2005,Estonia,1.52
2006,Estonia,1.58
2007,Estonia,1.69
2008,Estonia,1.72
2009,Estonia,1.7
2010,Estonia,1.72
2011,Estonia,1.61
2012,Estonia,1.56
2013,Estonia,1.52
2014,Estonia,1.54
2015,Estonia,1.58
2016,Estonia,1.6
2017,Estonia,1.59
2018,Estonia,1.67
2019,Estonia,1.66
2020,Estonia,1.58
2021,Estonia,1.61
2022,Estonia,1.41
2023,Estonia,1.31
2024,Estonia,1.18
1960,Italy,2.4
1961,Italy,2.44
1962,Italy,2.46
1963,Italy,2.51
1964,Italy,2.66
1965,Italy,2.6
1966,Italy,2.58
1967,Italy,2.5
1968,Italy,2.46
1969,Italy,2.47
1970,Italy,2.38
1971,Italy,2.4
1972,Italy,2.35
1973,Italy,2.3
1974,Italy,2.28
1975,Italy,2.17
1976,Italy,2.04
1977,Italy,1.93
1978,Italy,1.84
1979,Italy,1.73
1980,Italy,1.64
1981,Italy,1.58
1982,Italy,1.56
1983,Italy,1.51
1984,Italy,1.46
1985,Italy,1.42
1986,Italy,1.35
1987,Italy,1.33
1988,Italy,1.36
1989,Italy,1.33
1990,Italy,1.33
1991,Italy,1.3
1992,Italy,1.3
1993,Italy,1.25
1994,Italy,1.21
1995,Italy,1.19
1996,Italy,1.2
1997,Italy,1.22
1998,Italy,1.22
1999,Italy,1.23
2000,Italy,1.26
2001,Italy,1.25
2002,Italy,1.27
2003,Italy,1.29
2004,Italy,1.34
2005,Italy,1.33
2006,Italy,1.37
2007,Italy,1.39
2008,Italy,1.44
2009,Italy,1.44
2010,Italy,1.44
2011,Italy,1.42
2012,Italy,1.42
2013,Italy,1.39
2014,Italy,1.38
2015,Italy,1.36
2016,Italy,1.36
2017,Italy,1.34
2018,Italy,1.31
2019,Italy,1.27
2020,Italy,1.24
2021,Italy,1.25
2022,Italy,1.24
2023,Italy,1.21
2024,Italy,1.18
1960,Japan,2.0
1961,Japan,1.96
1962,Japan,1.98
1963,Japan,2.0
1964,Japan,2.05
1965,Japan,2.14
1966,Japan,1.58
1967,Japan,2.23
1968,Japan,2.13
1969,Japan,2.13
1970,Japan,2.13
1971,Japan,2.16
1972,Japan,2.14
1973,Japan,2.14
1974,Japan,2.05
1975,Japan,1.91
1976,Japan,1.85
1977,Japan,1.8
1978,Japan,1.79
1979,Japan,1.77
1980,Japan,1.75
1981,Japan,1.74
1982,Japan,1.77
1983,Japan,1.8
1984,Japan,1.81
1985,Japan,1.76
1986,Japan,1.72
1987,Japan,1.69
1988,Japan,1.66
1989,Japan,1.57
1990,Japan,1.54
1991,Japan,1.53
1992,Japan,1.5
1993,Japan,1.46
1994,Japan,1.5
1995,Japan,1.42
1996,Japan,1.43
1997,Japan,1.39
1998,Japan,1.38
1999,Japan,1.34
2000,Japan,1.36
2001,Japan,1.33
2002,Japan,1.32
2003,Japan,1.29
2004,Japan,1.29
2005,Japan,1.26
2006,Japan,1.32
2007,Japan,1.34
2008,Japan,1.37
2009,Japan,1.37
2010,Japan,1.39
2011,Japan,1.39
2012,Japan,1.41
2013,Japan,1.43
2014,Japan,1.42
2015,Japan,1.45
2016,Japan,1.44
2017,Japan,1.43
2018,Japan,1.42
2019,Japan,1.36
2020,Japan,1.33
2021,Japan,1.3
2022,Japan,1.26
2023,Japan,1.2
2024,Japan,1.15
1960,Chile,4.7
1961,Chile,4.66
1962,Chile,4.6
1963,Chile,4.54
1964,Chile,4.46
1965,Chile,4.36
1966,Chile,4.26
1967,Chile,4.14
1968,Chile,4.03
1969,Chile,3.9
1970,Chile,3.78
1971,Chile,3.65
1972,Chile,3.53
1973,Chile,3.41
1974,Chile,3.29
1975,Chile,3.18
1976,Chile,3.08
1977,Chile,2.98
1978,Chile,2.89
1979,Chile,2.81
1980,Chile,2.74
1981,Chile,2.69
1982,Chile,2.65
1983,Chile,2.62
1984,Chile,2.6
1985,Chile,2.59
1986,Chile,2.59
1987,Chile,2.59
1988,Chile,2.59
1989,Chile,2.59
1990,Chile,2.58
1991,Chile,2.56
1992,Chile,2.48
1993,Chile,2.43
1994,Chile,2.38
1995,Chile,2.35
1996,Chile,2.28
1997,Chile,2.2
1998,Chile,2.15
1999,Chile,2.07
2000,Chile,2.05
2001,Chile,2.01
2002,Chile,1.93
2003,Chile,1.89
2004,Chile,1.84
2005,Chile,1.82
2006,Chile,1.8
2007,Chile,1.83
2008,Chile,1.85
2009,Chile,1.85
2010,Chile,1.84
2011,Chile,1.82
2012,Chile,1.8
2013,Chile,1.79
2014,Chile,1.77
2015,Chile,1.74
2016,Chile,1.69
2017,Chile,1.56
2018,Chile,1.54
2019,Chile,1.43
2020,Chile,1.31
2021,Chile,1.18
2022,Chile,1.25
2023,Chile,1.17
2024,Chile,1.14
1960,Poland,2.98
1961,Poland,2.83
1962,Poland,2.72
1963,Poland,2.7
1964,Poland,2.57
1965,Poland,2.52
1966,Poland,2.34
1967,Poland,2.33
1968,Poland,2.24
1969,Poland,2.2
1970,Poland,2.2
1971,Poland,2.25
1972,Poland,2.24
1973,Poland,2.26
1974,Poland,2.26
1975,Poland,2.27
1976,Poland,2.3
1977,Poland,2.23
1978,Poland,2.21
1979,Poland,2.28
1980,Poland,2.28
1981,Poland,2.24
1982,Poland,2.34
1983,Poland,2.42
1984,Poland,2.37
1985,Poland,2.33
1986,Poland,2.22
1987,Poland,2.15
1988,Poland,2.13
1989,Poland,2.08
1990,Poland,2.06
1991,Poland,2.07
1992,Poland,1.95
1993,Poland,1.87
1994,Poland,1.81
1995,Poland,1.62
1996,Poland,1.59
1997,Poland,1.51
1998,Poland,1.44
1999,Poland,1.37
2000,Poland,1.37
2001,Poland,1.31
2002,Poland,1.25
2003,Poland,1.22
2004,Poland,1.23
2005,Poland,1.24
2006,Poland,1.27
2007,Poland,1.31
2008,Poland,1.39
2009,Poland,1.4
2010,Poland,1.41
2011,Poland,1.33
2012,Poland,1.33
2013,Poland,1.29
2014,Poland,1.32
2015,Poland,1.32
2016,Poland,1.39
2017,Poland,1.48
2018,Poland,1.46
2019,Poland,1.44
2020,Poland,1.39
2021,Poland,1.33
2022,Poland,1.29
2023,Poland,1.2
2024,Poland,1.14
1960,Lithuania,2.56
1961,Lithuania,2.53
1962,Lithuania,2.45
1963,Lithuania,2.35
1964,Lithuania,2.28
1965,Lithuania,2.23
1966,Lithuania,2.22
1967,Lithuania,2.23
1968,Lithuania,2.24
1969,Lithuania,2.3
1970,Lithuania,2.4
1971,Lithuania,2.41
1972,Lithuania,2.34
1973,Lithuania,2.22
1974,Lithuania,2.21
1975,Lithuania,2.18
1976,Lithuania,2.18
1977,Lithuania,2.14
1978,Lithuania,2.08
1979,Lithuania,2.05
1980,Lithuania,1.99
1981,Lithuania,1.98
1982,Lithuania,1.97
1983,Lithuania,2.1
1984,Lithuania,2.07
1985,Lithuania,2.08
1986,Lithuania,2.12
1987,Lithuania,2.11
1988,Lithuania,2.02
1989,Lithuania,1.98
1990,Lithuania,2.03
1991,Lithuania,2.01
1992,Lithuania,1.97
1993,Lithuania,1.74
1994,Lithuania,1.57
1995,Lithuania,1.55
1996,Lithuania,1.49
1997,Lithuania,1.47
1998,Lithuania,1.46
1999,Lithuania,1.46
2000,Lithuania,1.39
2001,Lithuania,1.29
2002,Lithuania,1.23
2003,Lithuania,1.26
2004,Lithuania,1.27
2005,Lithuania,1.29
2006,Lithuania,1.33
2007,Lithuania,1.36
2008,Lithuania,1.45
2009,Lithuania,1.5
2010,Lithuania,1.5
2011,Lithuania,1.55
2012,Lithuania,1.6
2013,Lithuania,1.59
2014,Lithuania,1.57
2015,Lithuania,1.63
2016,Lithuania,1.63
2017,Lithuania,1.57
2018,Lithuania,1.53
2019,Lithuania,1.43
2020,Lithuania,1.36
2021,Lithuania,1.36
2022,Lithuania,1.27
2023,Lithuania,1.18
2024,Lithuania,1.11
1960,Spain,2.86
1961,Spain,2.77
1962,Spain,2.8
1963,Spain,2.88
1964,Spain,3.01
1965,Spain,2.94
1966,Spain,2.91
1967,Spain,2.94
1968,Spain,2.87
1969,Spain,2.86
1970,Spain,2.84
1971,Spain,2.9
1972,Spain,2.87
1973,Spain,2.84
1974,Spain,2.88
1975,Spain,2.77
1976,Spain,2.77
1977,Spain,2.65
1978,Spain,2.54
1979,Spain,2.37
1980,Spain,2.22
1981,Spain,2.04
1982,Spain,1.94
1983,Spain,1.8
1984,Spain,1.73
1985,Spain,1.64
1986,Spain,1.56
1987,Spain,1.49
1988,Spain,1.45
1989,Spain,1.4
1990,Spain,1.36
1991,Spain,1.33
1992,Spain,1.31
1993,Spain,1.26
1994,Spain,1.19
1995,Spain,1.16
1996,Spain,1.14
1997,Spain,1.15
1998,Spain,1.13
1999,Spain,1.17
2000,Spain,1.22
2001,Spain,1.23
2002,Spain,1.25
2003,Spain,1.3
2004,Spain,1.31
2005,Spain,1.33
2006,Spain,1.36
2007,Spain,1.38
2008,Spain,1.45
2009,Spain,1.38
2010,Spain,1.37
2011,Spain,1.34
2012,Spain,1.32
2013,Spain,1.27
2014,Spain,1.32
2015,Spain,1.33
2016,Spain,1.33
2017,Spain,1.31
2018,Spain,1.26
2019,Spain,1.23
2020,Spain,1.18
2021,Spain,1.18
2022,Spain,1.16
2023,Spain,1.12
2024,Spain,1.1
1960,China,4.45
1961,China,3.86
1962,China,6.08
1963,China,7.51
1964,China,6.67
1965,China,6.61
1966,China,6.31
1967,China,5.81
1968,China,6.51
1969,China,6.17
1970,China,6.08
1971,China,5.52
1972,China,5.11
1973,China,4.73
1974,China,4.17
1975,China,3.57
1976,China,3.23
1977,China,2.84
1978,China,2.72
1979,China,2.75
1980,China,2.74
1981,China,2.79
1982,China,2.97
1983,China,2.56
1984,China,2.61
1985,China,2.63
1986,China,2.72
1987,China,2.76
1988,China,2.54
1989,China,2.52
1990,China,2.51
1991,China,1.93
1992,China,1.78
1993,China,1.69
1994,China,1.63
1995,China,1.59
1996,China,1.55
1997,China,1.53
1998,China,1.52
1999,China,1.53
2000,China,1.63
2001,China,1.56
2002,China,1.57
2003,China,1.57
2004,China,1.6
2005,China,1.62
2006,China,1.64
2007,China,1.67
2008,China,1.7
2009,China,1.71
2010,China,1.69
2011,China,1.67
2012,China,1.8
2013,China,1.71
2014,China,1.77
2015,China,1.67
2016,China,1.77
2017,China,1.79
2018,China,1.54
2019,China,1.5
2020,China,1.24
2021,China,1.12
2022,China,1.03
2023,China,1.0
2024,China,1.01
1960,Ukraine,2.29
1961,Ukraine,2.2
1962,Ukraine,2.15
1963,Ukraine,2.11
1964,Ukraine,2.01
1965,Ukraine,1.94
1966,Ukraine,2.04
1967,Ukraine,2.04
1968,Ukraine,2.03
1969,Ukraine,2.01
1970,Ukraine,2.08
1971,Ukraine,2.11
1972,Ukraine,2.13
1973,Ukraine,2.04
1974,Ukraine,2.06
1975,Ukraine,2.05
1976,Ukraine,2.04
1977,Ukraine,1.98
1978,Ukraine,1.97
1979,Ukraine,1.96
1980,Ukraine,1.95
1981,Ukraine,1.92
1982,Ukraine,1.95
1983,Ukraine,2.1
1984,Ukraine,2.08
1985,Ukraine,2.03
1986,Ukraine,2.12
1987,Ukraine,2.07
1988,Ukraine,2.04
1989,Ukraine,1.93
1990,Ukraine,1.84
1991,Ukraine,1.77
1992,Ukraine,1.67
1993,Ukraine,1.56
1994,Ukraine,1.47
1995,Ukraine,1.4
1996,Ukraine,1.33
1997,Ukraine,1.27
1998,Ukraine,1.21
1999,Ukraine,1.13
2000,Ukraine,1.11
2001,Ukraine,1.09
2002,Ukraine,1.13
2003,Ukraine,1.17
2004,Ukraine,1.22
2005,Ukraine,1.22
2006,Ukraine,1.3
2007,Ukraine,1.34
2008,Ukraine,1.44
2009,Ukraine,1.47
2010,Ukraine,1.44
2011,Ukraine,1.46
2012,Ukraine,1.53
2013,Ukraine,1.51
2014,Ukraine,1.47
2015,Ukraine,1.39
2016,Ukraine,1.39
2017,Ukraine,1.3
2018,Ukraine,1.23
2019,Ukraine,1.22
2020,Ukraine,1.21
2021,Ukraine,1.15
2022,Ukraine,0.9
2023,Ukraine,0.98
2024,Ukraine,0.99
1960,Singapore,5.76
1961,Singapore,5.41
1962,Singapore,5.21
1963,Singapore,5.16
1964,Singapore,4.97
1965,Singapore,4.66
1966,Singapore,4.46
1967,Singapore,3.91
1968,Singapore,3.53
1969,Singapore,3.22
1970,Singapore,3.07
1971,Singapore,3.02
1972,Singapore,3.04
1973,Singapore,2.79
1974,Singapore,2.35
1975,Singapore,2.07
1976,Singapore,2.11
1977,Singapore,1.82
1978,Singapore,1.79
1979,Singapore,1.79
1980,Singapore,1.82
1981,Singapore,1.78
1982,Singapore,1.74
1983,Singapore,1.61
1984,Singapore,1.62
1985,Singapore,1.61
1986,Singapore,1.43
1987,Singapore,1.62
1988,Singapore,1.96
1989,Singapore,1.75
1990,Singapore,1.83
1991,Singapore,1.73
1992,Singapore,1.72
1993,Singapore,1.74
1994,Singapore,1.71
1995,Singapore,1.67
1996,Singapore,1.66
1997,Singapore,1.61
1998,Singapore,1.48
1999,Singapore,1.47
2000,Singapore,1.6
2001,Singapore,1.41
2002,Singapore,1.37
2003,Singapore,1.27
2004,Singapore,1.26
2005,Singapore,1.26
2006,Singapore,1.28
2007,Singapore,1.29
2008,Singapore,1.28
2009,Singapore,1.22
2010,Singapore,1.15
2011,Singapore,1.2
2012,Singapore,1.29
2013,Singapore,1.19
2014,Singapore,1.25
2015,Singapore,1.24
2016,Singapore,1.2
2017,Singapore,1.16
2018,Singapore,1.14
2019,Singapore,1.14
2020,Singapore,1.1
2021,Singapore,1.12
2022,Singapore,1.04
2023,Singapore,0.97
2024,Singapore,0.97
1960,Puerto Rico,4.8
1961,Puerto Rico,4.51
1962,Puerto Rico,4.36
1963,Puerto Rico,4.53
1964,Puerto Rico,4.11
1965,Puerto Rico,4.04
1966,Puerto Rico,3.82
1967,Puerto Rico,3.57
1968,Puerto Rico,3.38
1969,Puerto Rico,3.31
1970,Puerto Rico,3.24
1971,Puerto Rico,3.29
1972,Puerto Rico,3.06
1973,Puerto Rico,2.93
1974,Puerto Rico,2.88
1975,Puerto Rico,2.77
1976,Puerto Rico,2.86
1977,Puerto Rico,2.92
1978,Puerto Rico,2.9
1979,Puerto Rico,2.85
1980,Puerto Rico,2.81
1981,Puerto Rico,2.71
1982,Puerto Rico,2.61
1983,Puerto Rico,2.46
1984,Puerto Rico,2.35
1985,Puerto Rico,2.35
1986,Puerto Rico,2.35
1987,Puerto Rico,2.33
1988,Puerto Rico,2.31
1989,Puerto Rico,2.39
1990,Puerto Rico,2.38
1991,Puerto Rico,2.3
1992,Puerto Rico,2.29
1993,Puerto Rico,2.31
1994,Puerto Rico,2.28
1995,Puerto Rico,2.25
1996,Puerto Rico,1.94
1997,Puerto Rico,1.9
1998,Puerto Rico,1.9
1999,Puerto Rico,2.0
2000,Puerto Rico,2.05
2001,Puerto Rico,1.93
2002,Puerto Rico,1.83
2003,Puerto Rico,1.76
2004,Puerto Rico,1.78
2005,Puerto Rico,1.77
2006,Puerto Rico,1.71
2007,Puerto Rico,1.65
2008,Puerto Rico,1.65
2009,Puerto Rico,1.65
2010,Puerto Rico,1.62
2011,Puerto Rico,1.6
2012,Puerto Rico,1.54
2013,Puerto Rico,1.47
2014,Puerto Rico,1.43
2015,Puerto Rico,1.34
2016,Puerto Rico,1.24
2017,Puerto Rico,1.1
2018,Puerto Rico,1.03
2019,Puerto Rico,0.98
2020,Puerto Rico,0.92
2021,Puerto Rico,0.91
2022,Puerto Rico,0.91
2023,Puerto Rico,0.92
2024,Puerto Rico,0.92
1960,Hong Kong,5.08
1961,Hong Kong,5.17
1962,Hong Kong,5.18
1963,Hong Kong,5.15
1964,Hong Kong,5.08
1965,Hong Kong,4.92
1966,Hong Kong,4.46
1967,Hong Kong,4.12
1968,Hong Kong,3.78
1969,Hong Kong,3.6
1970,Hong Kong,3.39
1971,Hong Kong,3.46
1972,Hong Kong,3.31
1973,Hong Kong,3.18
1974,Hong Kong,2.97
1975,Hong Kong,2.67
1976,Hong Kong,2.48
1977,Hong Kong,2.38
1978,Hong Kong,2.27
1979,Hong Kong,2.12
1980,Hong Kong,2.05
1981,Hong Kong,1.93
1982,Hong Kong,1.86
1983,Hong Kong,1.72
1984,Hong Kong,1.56
1985,Hong Kong,1.49
1986,Hong Kong,1.37
1987,Hong Kong,1.31
1988,Hong Kong,1.4
1989,Hong Kong,1.3
1990,Hong Kong,1.27
1991,Hong Kong,1.28
1992,Hong Kong,1.35
1993,Hong Kong,1.34
1994,Hong Kong,1.35
1995,Hong Kong,1.29
1996,Hong Kong,1.19
1997,Hong Kong,1.13
1998,Hong Kong,1.02
1999,Hong Kong,0.98
2000,Hong Kong,1.03
2001,Hong Kong,0.93
2002,Hong Kong,0.94
2003,Hong Kong,0.9
2004,Hong Kong,0.92
2005,Hong Kong,0.96
2006,Hong Kong,0.98
2007,Hong Kong,1.03
2008,Hong Kong,1.06
2009,Hong Kong,1.05
2010,Hong Kong,1.13
2011,Hong Kong,1.2
2012,Hong Kong,1.28
2013,Hong Kong,1.12
2014,Hong Kong,1.24
2015,Hong Kong,1.2
2016,Hong Kong,1.21
2017,Hong Kong,1.13
2018,Hong Kong,1.08
2019,Hong Kong,1.06
2020,Hong Kong,0.88
2021,Hong Kong,0.77
2022,Hong Kong,0.7
2023,Hong Kong,0.75
2024,Hong Kong,0.84
1960,South Korea,5.99
1961,South Korea,5.8
1962,South Korea,5.56
1963,South Korea,5.33
1964,South Korea,5.07
1965,South Korea,4.89
1966,South Korea,4.78
1967,South Korea,4.62
1968,South Korea,4.51
1969,South Korea,4.45
1970,South Korea,4.53
1971,South Korea,4.54
1972,South Korea,4.12
1973,South Korea,4.07
1974,South Korea,3.77
1975,South Korea,3.43
1976,South Korea,3.0
1977,South Korea,2.99
1978,South Korea,2.64
1979,South Korea,2.9
1980,South Korea,2.82
1981,South Korea,2.57
1982,South Korea,2.39
1983,South Korea,2.06
1984,South Korea,1.74
1985,South Korea,1.66
1986,South Korea,1.58
1987,South Korea,1.53
1988,South Korea,1.55
1989,South Korea,1.56
1990,South Korea,1.57
1991,South Korea,1.71
1992,South Korea,1.76
1993,South Korea,1.65
1994,South Korea,1.66
1995,South Korea,1.63
1996,South Korea,1.57
1997,South Korea,1.54
1998,South Korea,1.46
1999,South Korea,1.43
2000,South Korea,1.48
2001,South Korea,1.31
2002,South Korea,1.18
2003,South Korea,1.19
2004,South Korea,1.16
2005,South Korea,1.08
2006,South Korea,1.13
2007,South Korea,1.26
2008,South Korea,1.19
2009,South Korea,1.15
2010,South Korea,1.23
2011,South Korea,1.24
2012,South Korea,1.3
2013,South Korea,1.19
2014,South Korea,1.21
2015,South Korea,1.24
2016,South Korea,1.17
2017,South Korea,1.05
2018,South Korea,0.98
2019,South Korea,0.92
2020,South Korea,0.84
2021,South Korea,0.81
2022,South Korea,0.78
2023,South Korea,0.72
2024,South Korea,0.75
